file,line,type,commit,author,date,time,timezone,datetime,depth,length
style.css,1,css,5cc1bc03,nicolas toon,2025-04-09,18:07:19,-07:00,2025-04-09T18:07:19-07:00,0,6
style.css,2,css,5cc1bc03,nicolas toon,2025-04-09,18:07:19,-07:00,2025-04-09T18:07:19-07:00,0,41
style.css,3,css,5cc1bc03,nicolas toon,2025-04-09,18:07:19,-07:00,2025-04-09T18:07:19-07:00,0,33
style.css,4,css,700424ab,nicolas toon,2025-04-16,19:28:59,-07:00,2025-04-16T19:28:59-07:00,0,24
style.css,5,css,5cc1bc03,nicolas toon,2025-04-09,18:07:19,-07:00,2025-04-09T18:07:19-07:00,0,0
style.css,6,css,5cc1bc03,nicolas toon,2025-04-09,18:07:19,-07:00,2025-04-09T18:07:19-07:00,0,0
style.css,7,css,187da230,nicolas toon,2025-04-03,14:54:42,-07:00,2025-04-03T14:54:42-07:00,0,5
style.css,8,css,187da230,nicolas toon,2025-04-03,14:54:42,-07:00,2025-04-03T14:54:42-07:00,0,44
style.css,9,css,187da230,nicolas toon,2025-04-03,14:54:42,-07:00,2025-04-03T14:54:42-07:00,0,46
style.css,10,css,187da230,nicolas toon,2025-04-03,14:54:42,-07:00,2025-04-03T14:54:42-07:00,0,24
style.css,11,css,73d8b20d,nicolas toon,2025-04-09,22:29:17,-07:00,2025-04-09T22:29:17-07:00,0,16
style.css,12,css,5cc1bc03,nicolas toon,2025-04-09,18:07:19,-07:00,2025-04-09T18:07:19-07:00,0,17
style.css,13,css,5cc1bc03,nicolas toon,2025-04-09,18:07:19,-07:00,2025-04-09T18:07:19-07:00,0,18
style.css,14,css,5cc1bc03,nicolas toon,2025-04-09,18:07:19,-07:00,2025-04-09T18:07:19-07:00,0,18
style.css,15,css,5cc1bc03,nicolas toon,2025-04-09,18:07:19,-07:00,2025-04-09T18:07:19-07:00,0,19
style.css,16,css,5cc1bc03,nicolas toon,2025-04-09,18:07:19,-07:00,2025-04-09T18:07:19-07:00,0,0
style.css,17,css,5cc1bc03,nicolas toon,2025-04-09,18:07:19,-07:00,2025-04-09T18:07:19-07:00,0,0
style.css,18,css,5cc1bc03,nicolas toon,2025-04-09,18:07:19,-07:00,2025-04-09T18:07:19-07:00,0,4
style.css,19,css,5cc1bc03,nicolas toon,2025-04-09,18:07:19,-07:00,2025-04-09T18:07:19-07:00,0,13
style.css,20,css,700424ab,nicolas toon,2025-04-16,19:28:59,-07:00,2025-04-16T19:28:59-07:00,0,49
style.css,21,css,5cc1bc03,nicolas toon,2025-04-09,18:07:19,-07:00,2025-04-09T18:07:19-07:00,0,0
style.css,22,css,5cc1bc03,nicolas toon,2025-04-09,18:07:19,-07:00,2025-04-09T18:07:19-07:00,0,0
style.css,23,css,9a190a3a,nicolas toon,2025-04-09,21:34:20,-07:00,2025-04-09T21:34:20-07:00,0,15
style.css,24,css,5cc1bc03,nicolas toon,2025-04-09,18:07:19,-07:00,2025-04-09T18:07:19-07:00,0,17
style.css,25,css,5cc1bc03,nicolas toon,2025-04-09,18:07:19,-07:00,2025-04-09T18:07:19-07:00,0,0
style.css,26,css,5cc1bc03,nicolas toon,2025-04-09,18:07:19,-07:00,2025-04-09T18:07:19-07:00,0,0
style.css,27,css,5cc1bc03,nicolas toon,2025-04-09,18:07:19,-07:00,2025-04-09T18:07:19-07:00,0,6
style.css,28,css,5cc1bc03,nicolas toon,2025-04-09,18:07:19,-07:00,2025-04-09T18:07:19-07:00,0,7
style.css,29,css,5cc1bc03,nicolas toon,2025-04-09,18:07:19,-07:00,2025-04-09T18:07:19-07:00,0,21
style.css,30,css,5cc1bc03,nicolas toon,2025-04-09,18:07:19,-07:00,2025-04-09T18:07:19-07:00,0,14
style.css,31,css,5cc1bc03,nicolas toon,2025-04-09,18:07:19,-07:00,2025-04-09T18:07:19-07:00,0,18
style.css,32,css,5cc1bc03,nicolas toon,2025-04-09,18:07:19,-07:00,2025-04-09T18:07:19-07:00,0,14
style.css,33,css,5cc1bc03,nicolas toon,2025-04-09,18:07:19,-07:00,2025-04-09T18:07:19-07:00,0,0
style.css,34,css,5cc1bc03,nicolas toon,2025-04-09,18:07:19,-07:00,2025-04-09T18:07:19-07:00,0,0
style.css,35,css,5cc1bc03,nicolas toon,2025-04-09,18:07:19,-07:00,2025-04-09T18:07:19-07:00,0,12
style.css,36,css,5cc1bc03,nicolas toon,2025-04-09,18:07:19,-07:00,2025-04-09T18:07:19-07:00,0,46
style.css,37,css,700424ab,nicolas toon,2025-04-16,19:28:59,-07:00,2025-04-16T19:28:59-07:00,0,70
style.css,38,css,5cc1bc03,nicolas toon,2025-04-09,18:07:19,-07:00,2025-04-09T18:07:19-07:00,0,0
style.css,39,css,5cc1bc03,nicolas toon,2025-04-09,18:07:19,-07:00,2025-04-09T18:07:19-07:00,0,0
style.css,40,css,73d8b20d,nicolas toon,2025-04-09,22:29:17,-07:00,2025-04-09T22:29:17-07:00,0,9
style.css,41,css,700424ab,nicolas toon,2025-04-16,19:28:59,-07:00,2025-04-16T19:28:59-07:00,0,51
style.css,42,css,5cc1bc03,nicolas toon,2025-04-09,18:07:19,-07:00,2025-04-09T18:07:19-07:00,0,0
style.css,43,css,5cc1bc03,nicolas toon,2025-04-09,18:07:19,-07:00,2025-04-09T18:07:19-07:00,0,0
style.css,44,css,9a190a3a,nicolas toon,2025-04-09,21:34:20,-07:00,2025-04-09T21:34:20-07:00,0,5
style.css,45,css,9a190a3a,nicolas toon,2025-04-09,21:34:20,-07:00,2025-04-09T21:34:20-07:00,0,13
style.css,46,css,9a190a3a,nicolas toon,2025-04-09,21:34:20,-07:00,2025-04-09T21:34:20-07:00,0,31
style.css,47,css,9a190a3a,nicolas toon,2025-04-09,21:34:20,-07:00,2025-04-09T21:34:20-07:00,0,0
style.css,48,css,9a190a3a,nicolas toon,2025-04-09,21:34:20,-07:00,2025-04-09T21:34:20-07:00,0,0
style.css,49,css,9a190a3a,nicolas toon,2025-04-09,21:34:20,-07:00,2025-04-09T21:34:20-07:00,0,39
style.css,50,css,9a190a3a,nicolas toon,2025-04-09,21:34:20,-07:00,2025-04-09T21:34:20-07:00,0,13
style.css,51,css,9a190a3a,nicolas toon,2025-04-09,21:34:20,-07:00,2025-04-09T21:34:20-07:00,0,0
style.css,52,css,9a190a3a,nicolas toon,2025-04-09,21:34:20,-07:00,2025-04-09T21:34:20-07:00,0,0
style.css,53,css,9a190a3a,nicolas toon,2025-04-09,21:34:20,-07:00,2025-04-09T21:34:20-07:00,0,11
style.css,54,css,9a190a3a,nicolas toon,2025-04-09,21:34:20,-07:00,2025-04-09T21:34:20-07:00,0,13
style.css,55,css,9a190a3a,nicolas toon,2025-04-09,21:34:20,-07:00,2025-04-09T21:34:20-07:00,0,30
style.css,56,css,9a190a3a,nicolas toon,2025-04-09,21:34:20,-07:00,2025-04-09T21:34:20-07:00,0,19
style.css,57,css,9a190a3a,nicolas toon,2025-04-09,21:34:20,-07:00,2025-04-09T21:34:20-07:00,0,8
style.css,58,css,73d8b20d,nicolas toon,2025-04-09,22:29:17,-07:00,2025-04-09T22:29:17-07:00,0,14
style.css,59,css,9a190a3a,nicolas toon,2025-04-09,21:34:20,-07:00,2025-04-09T21:34:20-07:00,0,0
style.css,60,css,9a190a3a,nicolas toon,2025-04-09,21:34:20,-07:00,2025-04-09T21:34:20-07:00,0,0
style.css,61,css,9a190a3a,nicolas toon,2025-04-09,21:34:20,-07:00,2025-04-09T21:34:20-07:00,0,12
style.css,62,css,3bdc052a,nicolas toon,2025-04-09,22:51:19,-07:00,2025-04-09T22:51:19-07:00,0,19
style.css,63,css,9a190a3a,nicolas toon,2025-04-09,21:34:20,-07:00,2025-04-09T21:34:20-07:00,0,0
style.css,64,css,9a190a3a,nicolas toon,2025-04-09,21:34:20,-07:00,2025-04-09T21:34:20-07:00,0,0
style.css,65,css,9a190a3a,nicolas toon,2025-04-09,21:34:20,-07:00,2025-04-09T21:34:20-07:00,0,10
style.css,66,css,9a190a3a,nicolas toon,2025-04-09,21:34:20,-07:00,2025-04-09T21:34:20-07:00,0,13
style.css,67,css,0510e1b3,nicolas toon,2025-04-24,23:16:07,-07:00,2025-04-24T23:16:07-07:00,0,59
style.css,68,css,9a190a3a,nicolas toon,2025-04-09,21:34:20,-07:00,2025-04-09T21:34:20-07:00,0,0
style.css,69,css,5cc1bc03,nicolas toon,2025-04-09,18:07:19,-07:00,2025-04-09T18:07:19-07:00,0,0
style.css,70,css,45e5ffa3,nicolas toon,2025-04-16,23:28:53,-07:00,2025-04-16T23:28:53-07:00,0,18
style.css,71,css,73d8b20d,nicolas toon,2025-04-09,22:29:17,-07:00,2025-04-09T22:29:17-07:00,0,13
style.css,72,css,0510e1b3,nicolas toon,2025-04-24,23:16:07,-07:00,2025-04-24T23:16:07-07:00,0,27
style.css,73,css,362d0de3,nicolas toon,2025-05-03,00:08:03,-07:00,2025-05-03T00:08:03-07:00,0,16
style.css,74,css,73d8b20d,nicolas toon,2025-04-09,22:29:17,-07:00,2025-04-09T22:29:17-07:00,0,8
style.css,75,css,9915ff47,nicolas toon,2025-04-25,00:00:02,-07:00,2025-04-25T00:00:02-07:00,0,14
style.css,76,css,73d8b20d,nicolas toon,2025-04-09,22:29:17,-07:00,2025-04-09T22:29:17-07:00,0,0
style.css,77,css,73d8b20d,nicolas toon,2025-04-09,22:29:17,-07:00,2025-04-09T22:29:17-07:00,0,0
style.css,78,css,362d0de3,nicolas toon,2025-05-03,00:08:03,-07:00,2025-05-03T00:08:03-07:00,0,16
style.css,79,css,362d0de3,nicolas toon,2025-05-03,00:08:03,-07:00,2025-05-03T00:08:03-07:00,0,15
style.css,80,css,362d0de3,nicolas toon,2025-05-03,00:08:03,-07:00,2025-05-03T00:08:03-07:00,0,21
style.css,81,css,362d0de3,nicolas toon,2025-05-03,00:08:03,-07:00,2025-05-03T00:08:03-07:00,0,10
style.css,82,css,362d0de3,nicolas toon,2025-05-03,00:08:03,-07:00,2025-05-03T00:08:03-07:00,0,0
style.css,83,css,362d0de3,nicolas toon,2025-05-03,00:08:03,-07:00,2025-05-03T00:08:03-07:00,0,0
style.css,84,css,0510e1b3,nicolas toon,2025-04-24,23:16:07,-07:00,2025-04-24T23:16:07-07:00,0,13
style.css,85,css,0510e1b3,nicolas toon,2025-04-24,23:16:07,-07:00,2025-04-24T23:16:07-07:00,0,8
style.css,86,css,73d8b20d,nicolas toon,2025-04-09,22:29:17,-07:00,2025-04-09T22:29:17-07:00,0,0
style.css,87,css,73d8b20d,nicolas toon,2025-04-09,22:29:17,-07:00,2025-04-09T22:29:17-07:00,0,0
style.css,88,css,0510e1b3,nicolas toon,2025-04-24,23:16:07,-07:00,2025-04-24T23:16:07-07:00,0,12
style.css,89,css,0510e1b3,nicolas toon,2025-04-24,23:16:07,-07:00,2025-04-24T23:16:07-07:00,0,9
style.css,90,css,73d8b20d,nicolas toon,2025-04-09,22:29:17,-07:00,2025-04-09T22:29:17-07:00,0,0
style.css,91,css,73d8b20d,nicolas toon,2025-04-09,22:29:17,-07:00,2025-04-09T22:29:17-07:00,0,0
style.css,92,css,73d8b20d,nicolas toon,2025-04-09,22:29:17,-07:00,2025-04-09T22:29:17-07:00,0,3
style.css,93,css,73d8b20d,nicolas toon,2025-04-09,22:29:17,-07:00,2025-04-09T22:29:17-07:00,0,14
style.css,94,css,73d8b20d,nicolas toon,2025-04-09,22:29:17,-07:00,2025-04-09T22:29:17-07:00,0,0
style.css,95,css,73d8b20d,nicolas toon,2025-04-09,22:29:17,-07:00,2025-04-09T22:29:17-07:00,0,0
style.css,96,css,45e5ffa3,nicolas toon,2025-04-16,23:28:53,-07:00,2025-04-16T23:28:53-07:00,0,12
style.css,97,css,73d8b20d,nicolas toon,2025-04-09,22:29:17,-07:00,2025-04-09T22:29:17-07:00,0,21
style.css,98,css,73d8b20d,nicolas toon,2025-04-09,22:29:17,-07:00,2025-04-09T22:29:17-07:00,0,14
style.css,99,css,73d8b20d,nicolas toon,2025-04-09,22:29:17,-07:00,2025-04-09T22:29:17-07:00,0,0
style.css,100,css,73d8b20d,nicolas toon,2025-04-09,22:29:17,-07:00,2025-04-09T22:29:17-07:00,0,0
style.css,101,css,73d8b20d,nicolas toon,2025-04-09,22:29:17,-07:00,2025-04-09T22:29:17-07:00,0,11
style.css,102,css,73d8b20d,nicolas toon,2025-04-09,22:29:17,-07:00,2025-04-09T22:29:17-07:00,0,26
style.css,103,css,73d8b20d,nicolas toon,2025-04-09,22:29:17,-07:00,2025-04-09T22:29:17-07:00,0,26
style.css,104,css,73d8b20d,nicolas toon,2025-04-09,22:29:17,-07:00,2025-04-09T22:29:17-07:00,0,0
style.css,105,css,73d8b20d,nicolas toon,2025-04-09,22:29:17,-07:00,2025-04-09T22:29:17-07:00,0,0
style.css,106,css,73d8b20d,nicolas toon,2025-04-09,22:29:17,-07:00,2025-04-09T22:29:17-07:00,0,23
style.css,107,css,73d8b20d,nicolas toon,2025-04-09,22:29:17,-07:00,2025-04-09T22:29:17-07:00,0,16
style.css,108,css,45e5ffa3,nicolas toon,2025-04-16,23:28:53,-07:00,2025-04-16T23:28:53-07:00,0,17
style.css,109,css,73d8b20d,nicolas toon,2025-04-09,22:29:17,-07:00,2025-04-09T22:29:17-07:00,0,0
style.css,110,css,700424ab,nicolas toon,2025-04-16,19:28:59,-07:00,2025-04-16T19:28:59-07:00,0,0
style.css,111,css,700424ab,nicolas toon,2025-04-16,19:28:59,-07:00,2025-04-16T19:28:59-07:00,0,19
style.css,112,css,700424ab,nicolas toon,2025-04-16,19:28:59,-07:00,2025-04-16T19:28:59-07:00,0,20
style.css,113,css,700424ab,nicolas toon,2025-04-16,19:28:59,-07:00,2025-04-16T19:28:59-07:00,0,14
style.css,114,css,700424ab,nicolas toon,2025-04-16,19:28:59,-07:00,2025-04-16T19:28:59-07:00,0,18
style.css,115,css,700424ab,nicolas toon,2025-04-16,19:28:59,-07:00,2025-04-16T19:28:59-07:00,0,9
style.css,116,css,700424ab,nicolas toon,2025-04-16,19:28:59,-07:00,2025-04-16T19:28:59-07:00,0,11
style.css,117,css,700424ab,nicolas toon,2025-04-16,19:28:59,-07:00,2025-04-16T19:28:59-07:00,0,0
style.css,118,css,d9a5bf84,nicolas toon,2025-04-25,00:30:29,-07:00,2025-04-25T00:30:29-07:00,0,0
style.css,119,css,d9a5bf84,nicolas toon,2025-04-25,00:30:29,-07:00,2025-04-25T00:30:29-07:00,0,18
style.css,120,css,d9a5bf84,nicolas toon,2025-04-25,00:30:29,-07:00,2025-04-25T00:30:29-07:00,0,13
style.css,121,css,d9a5bf84,nicolas toon,2025-04-25,00:30:29,-07:00,2025-04-25T00:30:29-07:00,0,0
style.css,122,css,d9a5bf84,nicolas toon,2025-04-25,00:30:29,-07:00,2025-04-25T00:30:29-07:00,0,0
style.css,123,css,d9a5bf84,nicolas toon,2025-04-25,00:30:29,-07:00,2025-04-25T00:30:29-07:00,0,18
style.css,124,css,d9a5bf84,nicolas toon,2025-04-25,00:30:29,-07:00,2025-04-25T00:30:29-07:00,0,11
style.css,125,css,d9a5bf84,nicolas toon,2025-04-25,00:30:29,-07:00,2025-04-25T00:30:29-07:00,0,15
style.css,126,css,d9a5bf84,nicolas toon,2025-04-25,00:30:29,-07:00,2025-04-25T00:30:29-07:00,0,0
style.css,127,css,d9a5bf84,nicolas toon,2025-04-25,00:30:29,-07:00,2025-04-25T00:30:29-07:00,0,0
style.css,128,css,d9a5bf84,nicolas toon,2025-04-25,00:30:29,-07:00,2025-04-25T00:30:29-07:00,0,18
style.css,129,css,d9a5bf84,nicolas toon,2025-04-25,00:30:29,-07:00,2025-04-25T00:30:29-07:00,0,11
style.css,130,css,d9a5bf84,nicolas toon,2025-04-25,00:30:29,-07:00,2025-04-25T00:30:29-07:00,0,9
style.css,131,css,d9a5bf84,nicolas toon,2025-04-25,00:30:29,-07:00,2025-04-25T00:30:29-07:00,0,15
style.css,132,css,362d0de3,nicolas toon,2025-05-03,00:08:03,-07:00,2025-05-03T00:08:03-07:00,0,0
style.css,133,css,362d0de3,nicolas toon,2025-05-03,00:08:03,-07:00,2025-05-03T00:08:03-07:00,0,0
style.css,134,css,362d0de3,nicolas toon,2025-05-03,00:08:03,-07:00,2025-05-03T00:08:03-07:00,0,15
style.css,135,css,362d0de3,nicolas toon,2025-05-03,00:08:03,-07:00,2025-05-03T00:08:03-07:00,0,10
style.css,136,css,362d0de3,nicolas toon,2025-05-03,00:08:03,-07:00,2025-05-03T00:08:03-07:00,0,15
style.css,137,css,362d0de3,nicolas toon,2025-05-03,00:08:03,-07:00,2025-05-03T00:08:03-07:00,0,17
style.css,138,css,362d0de3,nicolas toon,2025-05-03,00:08:03,-07:00,2025-05-03T00:08:03-07:00,0,17
style.css,139,css,362d0de3,nicolas toon,2025-05-03,00:08:03,-07:00,2025-05-03T00:08:03-07:00,0,0
style.css,140,css,362d0de3,nicolas toon,2025-05-03,00:08:03,-07:00,2025-05-03T00:08:03-07:00,0,0
style.css,141,css,362d0de3,nicolas toon,2025-05-03,00:08:03,-07:00,2025-05-03T00:08:03-07:00,0,8
style.css,142,css,362d0de3,nicolas toon,2025-05-03,00:08:03,-07:00,2025-05-03T00:08:03-07:00,0,20
style.css,143,css,362d0de3,nicolas toon,2025-05-03,00:08:03,-07:00,2025-05-03T00:08:03-07:00,0,11
style.css,144,css,362d0de3,nicolas toon,2025-05-03,00:08:03,-07:00,2025-05-03T00:08:03-07:00,0,19
style.css,145,css,362d0de3,nicolas toon,2025-05-03,00:08:03,-07:00,2025-05-03T00:08:03-07:00,0,30
style.css,146,css,362d0de3,nicolas toon,2025-05-03,00:08:03,-07:00,2025-05-03T00:08:03-07:00,0,18
style.css,147,css,362d0de3,nicolas toon,2025-05-03,00:08:03,-07:00,2025-05-03T00:08:03-07:00,0,0
style.css,148,css,362d0de3,nicolas toon,2025-05-03,00:08:03,-07:00,2025-05-03T00:08:03-07:00,0,0
style.css,149,css,362d0de3,nicolas toon,2025-05-03,00:08:03,-07:00,2025-05-03T00:08:03-07:00,0,8
style.css,150,css,362d0de3,nicolas toon,2025-05-03,00:08:03,-07:00,2025-05-03T00:08:03-07:00,0,13
style.css,151,css,864375c9,nicolas toon,2025-05-03,02:27:10,-07:00,2025-05-03T02:27:10-07:00,0,28
style.css,152,css,362d0de3,nicolas toon,2025-05-03,00:08:03,-07:00,2025-05-03T00:08:03-07:00,0,58
style.css,153,css,362d0de3,nicolas toon,2025-05-03,00:08:03,-07:00,2025-05-03T00:08:03-07:00,0,19
style.css,154,css,362d0de3,nicolas toon,2025-05-03,00:08:03,-07:00,2025-05-03T00:08:03-07:00,0,21
style.css,155,css,362d0de3,nicolas toon,2025-05-03,00:08:03,-07:00,2025-05-03T00:08:03-07:00,0,9
style.css,156,css,362d0de3,nicolas toon,2025-05-03,00:08:03,-07:00,2025-05-03T00:08:03-07:00,0,13
style.css,157,css,864375c9,nicolas toon,2025-05-03,02:27:10,-07:00,2025-05-03T02:27:10-07:00,0,70
style.css,158,css,362d0de3,nicolas toon,2025-05-03,00:08:03,-07:00,2025-05-03T00:08:03-07:00,0,19
style.css,159,css,362d0de3,nicolas toon,2025-05-03,00:08:03,-07:00,2025-05-03T00:08:03-07:00,0,7
style.css,160,css,362d0de3,nicolas toon,2025-05-03,00:08:03,-07:00,2025-05-03T00:08:03-07:00,0,0
style.css,161,css,362d0de3,nicolas toon,2025-05-03,00:08:03,-07:00,2025-05-03T00:08:03-07:00,0,0
style.css,162,css,f64dfdf1,nicolas toon,2025-05-03,01:59:17,-07:00,2025-05-03T01:59:17-07:00,0,5
style.css,163,css,362d0de3,nicolas toon,2025-05-03,00:08:03,-07:00,2025-05-03T00:08:03-07:00,0,13
style.css,164,css,362d0de3,nicolas toon,2025-05-03,00:08:03,-07:00,2025-05-03T00:08:03-07:00,0,19
style.css,165,css,362d0de3,nicolas toon,2025-05-03,00:08:03,-07:00,2025-05-03T00:08:03-07:00,0,9
style.css,166,css,362d0de3,nicolas toon,2025-05-03,00:08:03,-07:00,2025-05-03T00:08:03-07:00,0,12
style.css,167,css,362d0de3,nicolas toon,2025-05-03,00:08:03,-07:00,2025-05-03T00:08:03-07:00,0,13
style.css,168,css,362d0de3,nicolas toon,2025-05-03,00:08:03,-07:00,2025-05-03T00:08:03-07:00,0,0
style.css,169,css,362d0de3,nicolas toon,2025-05-03,00:08:03,-07:00,2025-05-03T00:08:03-07:00,0,0
style.css,170,css,f64dfdf1,nicolas toon,2025-05-03,01:59:17,-07:00,2025-05-03T01:59:17-07:00,0,8
style.css,171,css,362d0de3,nicolas toon,2025-05-03,00:08:03,-07:00,2025-05-03T00:08:03-07:00,0,11
style.css,172,css,362d0de3,nicolas toon,2025-05-03,00:08:03,-07:00,2025-05-03T00:08:03-07:00,0,15
style.css,173,css,362d0de3,nicolas toon,2025-05-03,00:08:03,-07:00,2025-05-03T00:08:03-07:00,0,0
style.css,174,css,362d0de3,nicolas toon,2025-05-03,00:08:03,-07:00,2025-05-03T00:08:03-07:00,0,0
style.css,175,css,362d0de3,nicolas toon,2025-05-03,00:08:03,-07:00,2025-05-03T00:08:03-07:00,0,11
style.css,176,css,362d0de3,nicolas toon,2025-05-03,00:08:03,-07:00,2025-05-03T00:08:03-07:00,0,13
style.css,177,css,362d0de3,nicolas toon,2025-05-03,00:08:03,-07:00,2025-05-03T00:08:03-07:00,0,11
style.css,178,css,362d0de3,nicolas toon,2025-05-03,00:08:03,-07:00,2025-05-03T00:08:03-07:00,0,9
style.css,179,css,362d0de3,nicolas toon,2025-05-03,00:08:03,-07:00,2025-05-03T00:08:03-07:00,0,19
style.css,180,css,864375c9,nicolas toon,2025-05-03,02:27:10,-07:00,2025-05-03T02:27:10-07:00,0,18
style.css,181,css,362d0de3,nicolas toon,2025-05-03,00:08:03,-07:00,2025-05-03T00:08:03-07:00,0,0
style.css,182,css,f64dfdf1,nicolas toon,2025-05-03,01:59:17,-07:00,2025-05-03T01:59:17-07:00,0,0
style.css,183,css,f64dfdf1,nicolas toon,2025-05-03,01:59:17,-07:00,2025-05-03T01:59:17-07:00,0,18
style.css,184,css,f64dfdf1,nicolas toon,2025-05-03,01:59:17,-07:00,2025-05-03T01:59:17-07:00,0,17
style.css,185,css,f64dfdf1,nicolas toon,2025-05-03,01:59:17,-07:00,2025-05-03T01:59:17-07:00,0,12
style.css,186,css,f64dfdf1,nicolas toon,2025-05-03,01:59:17,-07:00,2025-05-03T01:59:17-07:00,0,0
style.css,187,css,f64dfdf1,nicolas toon,2025-05-03,01:59:17,-07:00,2025-05-03T01:59:17-07:00,0,0
style.css,188,css,f64dfdf1,nicolas toon,2025-05-03,01:59:17,-07:00,2025-05-03T01:59:17-07:00,0,0
style.css,189,css,f64dfdf1,nicolas toon,2025-05-03,01:59:17,-07:00,2025-05-03T01:59:17-07:00,0,5
style.css,190,css,f64dfdf1,nicolas toon,2025-05-03,01:59:17,-07:00,2025-05-03T01:59:17-07:00,0,17
style.css,191,css,f64dfdf1,nicolas toon,2025-05-03,01:59:17,-07:00,2025-05-03T01:59:17-07:00,0,15
style.css,192,css,f64dfdf1,nicolas toon,2025-05-03,01:59:17,-07:00,2025-05-03T01:59:17-07:00,0,0
style.css,193,css,f64dfdf1,nicolas toon,2025-05-03,01:59:17,-07:00,2025-05-03T01:59:17-07:00,0,0
style.css,194,css,f64dfdf1,nicolas toon,2025-05-03,01:59:17,-07:00,2025-05-03T01:59:17-07:00,0,10
style.css,195,css,f64dfdf1,nicolas toon,2025-05-03,01:59:17,-07:00,2025-05-03T01:59:17-07:00,0,45
style.css,196,css,f64dfdf1,nicolas toon,2025-05-03,01:59:17,-07:00,2025-05-03T01:59:17-07:00,0,0
style.css,197,css,f64dfdf1,nicolas toon,2025-05-03,01:59:17,-07:00,2025-05-03T01:59:17-07:00,0,11
style.css,198,css,f64dfdf1,nicolas toon,2025-05-03,01:59:17,-07:00,2025-05-03T01:59:17-07:00,0,18
style.css,199,css,f64dfdf1,nicolas toon,2025-05-03,01:59:17,-07:00,2025-05-03T01:59:17-07:00,0,0
style.css,200,css,f64dfdf1,nicolas toon,2025-05-03,01:59:17,-07:00,2025-05-03T01:59:17-07:00,0,0
style.css,201,css,f64dfdf1,nicolas toon,2025-05-03,01:59:17,-07:00,2025-05-03T01:59:17-07:00,0,11
style.css,202,css,f8fb4149,nicolas toon,2025-05-03,02:49:16,-07:00,2025-05-03T02:49:16-07:00,0,21
style.css,203,css,f64dfdf1,nicolas toon,2025-05-03,01:59:17,-07:00,2025-05-03T01:59:17-07:00,0,0
style.css,204,css,864375c9,nicolas toon,2025-05-03,02:27:10,-07:00,2025-05-03T02:27:10-07:00,0,0
style.css,205,css,864375c9,nicolas toon,2025-05-03,02:27:10,-07:00,2025-05-03T02:27:10-07:00,0,0
style.css,206,css,864375c9,nicolas toon,2025-05-03,02:27:10,-07:00,2025-05-03T02:27:10-07:00,0,11
style.css,207,css,864375c9,nicolas toon,2025-05-03,02:27:10,-07:00,2025-05-03T02:27:10-07:00,0,13
style.css,208,css,864375c9,nicolas toon,2025-05-03,02:27:10,-07:00,2025-05-03T02:27:10-07:00,0,11
style.css,209,css,864375c9,nicolas toon,2025-05-03,02:27:10,-07:00,2025-05-03T02:27:10-07:00,0,12
style.css,210,css,864375c9,nicolas toon,2025-05-03,02:27:10,-07:00,2025-05-03T02:27:10-07:00,0,18
style.css,211,css,864375c9,nicolas toon,2025-05-03,02:27:10,-07:00,2025-05-03T02:27:10-07:00,0,20
style.css,212,css,864375c9,nicolas toon,2025-05-03,02:27:10,-07:00,2025-05-03T02:27:10-07:00,0,18
style.css,213,css,f64dfdf1,nicolas toon,2025-05-03,01:59:17,-07:00,2025-05-03T01:59:17-07:00,0,0
index.js,1,js,d9a5bf84,nicolas toon,2025-04-25,00:30:29,-07:00,2025-04-25T00:30:29-07:00,0,72
index.js,2,js,9915ff47,nicolas toon,2025-04-25,00:00:02,-07:00,2025-04-25T00:00:02-07:00,0,0
index.js,3,js,9915ff47,nicolas toon,2025-04-25,00:00:02,-07:00,2025-04-25T00:00:02-07:00,0,55
index.js,4,js,9915ff47,nicolas toon,2025-04-25,00:00:02,-07:00,2025-04-25T00:00:02-07:00,0,43
index.js,5,js,9915ff47,nicolas toon,2025-04-25,00:00:02,-07:00,2025-04-25T00:00:02-07:00,0,61
index.js,6,js,d9a5bf84,nicolas toon,2025-04-25,00:30:29,-07:00,2025-04-25T00:30:29-07:00,0,55
index.js,7,js,d9a5bf84,nicolas toon,2025-04-25,00:30:29,-07:00,2025-04-25T00:30:29-07:00,0,0
index.js,8,js,d9a5bf84,nicolas toon,2025-04-25,00:30:29,-07:00,2025-04-25T00:30:29-07:00,0,55
index.js,9,js,d9a5bf84,nicolas toon,2025-04-25,00:30:29,-07:00,2025-04-25T00:30:29-07:00,0,61
index.js,10,js,d9a5bf84,nicolas toon,2025-04-25,00:30:29,-07:00,2025-04-25T00:30:29-07:00,0,18
index.js,11,js,d9a5bf84,nicolas toon,2025-04-25,00:30:29,-07:00,2025-04-25T00:30:29-07:00,0,25
index.js,12,js,d9a5bf84,nicolas toon,2025-04-25,00:30:29,-07:00,2025-04-25T00:30:29-07:00,0,3
index.js,13,js,d9a5bf84,nicolas toon,2025-04-25,00:30:29,-07:00,2025-04-25T00:30:29-07:00,0,55
index.js,14,js,d9a5bf84,nicolas toon,2025-04-25,00:30:29,-07:00,2025-04-25T00:30:29-07:00,0,55
index.js,15,js,d9a5bf84,nicolas toon,2025-04-25,00:30:29,-07:00,2025-04-25T00:30:29-07:00,0,49
index.js,16,js,d9a5bf84,nicolas toon,2025-04-25,00:30:29,-07:00,2025-04-25T00:30:29-07:00,0,49
index.js,17,js,d9a5bf84,nicolas toon,2025-04-25,00:30:29,-07:00,2025-04-25T00:30:29-07:00,0,4
index.js,18,js,d9a5bf84,nicolas toon,2025-04-25,00:30:29,-07:00,2025-04-25T00:30:29-07:00,0,1
index.js,19,js,d9a5bf84,nicolas toon,2025-04-25,00:30:29,-07:00,2025-04-25T00:30:29-07:00,0,0
index.html,1,html,1e1e48ba,nicolas toon,2025-04-03,11:57:59,-07:00,2025-04-03T11:57:59-07:00,0,14
index.html,2,html,1e1e48ba,nicolas toon,2025-04-03,11:57:59,-07:00,2025-04-03T11:57:59-07:00,0,15
index.html,3,html,1e1e48ba,nicolas toon,2025-04-03,11:57:59,-07:00,2025-04-03T11:57:59-07:00,0,5
index.html,4,html,1e1e48ba,nicolas toon,2025-04-03,11:57:59,-07:00,2025-04-03T11:57:59-07:00,0,21
index.html,5,html,1e1e48ba,nicolas toon,2025-04-03,11:57:59,-07:00,2025-04-03T11:57:59-07:00,0,69
index.html,6,html,9138c6e8,nicolas toon,2025-04-03,23:57:36,-07:00,2025-04-03T23:57:36-07:00,0,55
index.html,7,html,187da230,nicolas toon,2025-04-03,14:54:42,-07:00,2025-04-03T14:54:42-07:00,0,39
index.html,8,html,9915ff47,nicolas toon,2025-04-25,00:00:02,-07:00,2025-04-25T00:00:02-07:00,0,46
index.html,9,html,9915ff47,nicolas toon,2025-04-25,00:00:02,-07:00,2025-04-25T00:00:02-07:00,0,51
index.html,10,html,1e1e48ba,nicolas toon,2025-04-03,11:57:59,-07:00,2025-04-03T11:57:59-07:00,0,6
index.html,11,html,1e1e48ba,nicolas toon,2025-04-03,11:57:59,-07:00,2025-04-03T11:57:59-07:00,0,5
index.html,12,html,9138c6e8,nicolas toon,2025-04-03,23:57:36,-07:00,2025-04-03T23:57:36-07:00,0,20
index.html,13,html,3bdc052a,nicolas toon,2025-04-09,22:51:19,-07:00,2025-04-09T22:51:19-07:00,0,36
index.html,14,html,3bdc052a,nicolas toon,2025-04-09,22:51:19,-07:00,2025-04-09T22:51:19-07:00,0,64
index.html,15,html,3bdc052a,nicolas toon,2025-04-09,22:51:19,-07:00,2025-04-09T22:51:19-07:00,0,5
index.html,16,html,3bdc052a,nicolas toon,2025-04-09,22:51:19,-07:00,2025-04-09T22:51:19-07:00,0,29
index.html,17,html,3bdc052a,nicolas toon,2025-04-09,22:51:19,-07:00,2025-04-09T22:51:19-07:00,0,148
index.html,18,html,3bdc052a,nicolas toon,2025-04-09,22:51:19,-07:00,2025-04-09T22:51:19-07:00,0,2
index.html,19,html,3bdc052a,nicolas toon,2025-04-09,22:51:19,-07:00,2025-04-09T22:51:19-07:00,0,211
index.html,20,html,3bdc052a,nicolas toon,2025-04-09,22:51:19,-07:00,2025-04-09T22:51:19-07:00,0,215
index.html,21,html,3bdc052a,nicolas toon,2025-04-09,22:51:19,-07:00,2025-04-09T22:51:19-07:00,0,206
index.html,22,html,3bdc052a,nicolas toon,2025-04-09,22:51:19,-07:00,2025-04-09T22:51:19-07:00,0,209
index.html,23,html,3bdc052a,nicolas toon,2025-04-09,22:51:19,-07:00,2025-04-09T22:51:19-07:00,0,232
index.html,24,html,3bdc052a,nicolas toon,2025-04-09,22:51:19,-07:00,2025-04-09T22:51:19-07:00,0,3
index.html,25,html,3bdc052a,nicolas toon,2025-04-09,22:51:19,-07:00,2025-04-09T22:51:19-07:00,0,5
index.html,26,html,9915ff47,nicolas toon,2025-04-25,00:00:02,-07:00,2025-04-25T00:00:02-07:00,0,0
index.html,27,html,9915ff47,nicolas toon,2025-04-25,00:00:02,-07:00,2025-04-25T00:00:02-07:00,0,3
index.html,28,html,9915ff47,nicolas toon,2025-04-25,00:00:02,-07:00,2025-04-25T00:00:02-07:00,0,0
index.html,29,html,9915ff47,nicolas toon,2025-04-25,00:00:02,-07:00,2025-04-25T00:00:02-07:00,0,26
index.html,30,html,9915ff47,nicolas toon,2025-04-25,00:00:02,-07:00,2025-04-25T00:00:02-07:00,0,27
index.html,31,html,d9a5bf84,nicolas toon,2025-04-25,00:30:29,-07:00,2025-04-25T00:30:29-07:00,0,0
index.html,32,html,d9a5bf84,nicolas toon,2025-04-25,00:30:29,-07:00,2025-04-25T00:30:29-07:00,0,3
index.html,33,html,d9a5bf84,nicolas toon,2025-04-25,00:30:29,-07:00,2025-04-25T00:30:29-07:00,0,0
index.html,34,html,d9a5bf84,nicolas toon,2025-04-25,00:30:29,-07:00,2025-04-25T00:30:29-07:00,0,23
index.html,35,html,d9a5bf84,nicolas toon,2025-04-25,00:30:29,-07:00,2025-04-25T00:30:29-07:00,0,29
index.html,36,html,1e1e48ba,nicolas toon,2025-04-03,11:57:59,-07:00,2025-04-03T11:57:59-07:00,0,6
index.html,37,html,1e1e48ba,nicolas toon,2025-04-03,11:57:59,-07:00,2025-04-03T11:57:59-07:00,0,6
global.js,1,js,791a1508,nicolas toon,2025-04-24,23:46:40,-07:00,2025-04-24T23:46:40-07:00,0,25
global.js,2,js,f0fc6956,nicolas toon,2025-04-15,20:29:00,-07:00,2025-04-15T20:29:00-07:00,0,0
global.js,3,js,f0fc6956,nicolas toon,2025-04-15,20:29:00,-07:00,2025-04-15T20:29:00-07:00,0,42
global.js,4,js,f0fc6956,nicolas toon,2025-04-15,20:29:00,-07:00,2025-04-15T20:29:00-07:00,0,52
global.js,5,js,f0fc6956,nicolas toon,2025-04-15,20:29:00,-07:00,2025-04-15T20:29:00-07:00,0,0
global.js,6,js,f0fc6956,nicolas toon,2025-04-15,20:29:00,-07:00,2025-04-15T20:29:00-07:00,0,0
global.js,7,js,52312557,nicolas toon,2025-04-15,20:46:38,-07:00,2025-04-15T20:46:38-07:00,0,12
global.js,8,js,52312557,nicolas toon,2025-04-15,20:46:38,-07:00,2025-04-15T20:46:38-07:00,0,24
global.js,9,js,52312557,nicolas toon,2025-04-15,20:46:38,-07:00,2025-04-15T20:46:38-07:00,0,33
global.js,10,js,52312557,nicolas toon,2025-04-15,20:46:38,-07:00,2025-04-15T20:46:38-07:00,0,37
global.js,11,js,52312557,nicolas toon,2025-04-15,20:46:38,-07:00,2025-04-15T20:46:38-07:00,0,56
global.js,12,js,791f6a10,nicolas toon,2025-05-06,14:54:15,-07:00,2025-05-06T14:54:15-07:00,0,29
global.js,13,js,52312557,nicolas toon,2025-04-15,20:46:38,-07:00,2025-04-15T20:46:38-07:00,0,35
global.js,14,js,52312557,nicolas toon,2025-04-15,20:46:38,-07:00,2025-04-15T20:46:38-07:00,0,0
global.js,15,js,52312557,nicolas toon,2025-04-15,20:46:38,-07:00,2025-04-15T20:46:38-07:00,0,39
global.js,16,js,52312557,nicolas toon,2025-04-15,20:46:38,-07:00,2025-04-15T20:46:38-07:00,0,26
global.js,17,js,fbd2e3d5,nicolas toon,2025-04-16,13:06:56,-07:00,2025-04-16T13:06:56-07:00,0,89
global.js,18,js,fbd2e3d5,nicolas toon,2025-04-16,13:06:56,-07:00,2025-04-16T13:06:56-07:00,0,4
global.js,19,js,fbd2e3d5,nicolas toon,2025-04-16,13:06:56,-07:00,2025-04-16T13:06:56-07:00,0,15
global.js,20,js,52312557,nicolas toon,2025-04-15,20:46:38,-07:00,2025-04-15T20:46:38-07:00,0,21
global.js,21,js,fbd2e3d5,nicolas toon,2025-04-16,13:06:56,-07:00,2025-04-16T13:06:56-07:00,0,63
global.js,22,js,52312557,nicolas toon,2025-04-15,20:46:38,-07:00,2025-04-15T20:46:38-07:00,0,19
global.js,23,js,700424ab,nicolas toon,2025-04-16,19:28:59,-07:00,2025-04-16T19:28:59-07:00,0,0
global.js,24,js,700424ab,nicolas toon,2025-04-16,19:28:59,-07:00,2025-04-16T19:28:59-07:00,0,35
global.js,25,js,700424ab,nicolas toon,2025-04-16,19:28:59,-07:00,2025-04-16T19:28:59-07:00,0,12
global.js,26,js,700424ab,nicolas toon,2025-04-16,19:28:59,-07:00,2025-04-16T19:28:59-07:00,0,21
global.js,27,js,700424ab,nicolas toon,2025-04-16,19:28:59,-07:00,2025-04-16T19:28:59-07:00,0,13
global.js,28,js,700424ab,nicolas toon,2025-04-16,19:28:59,-07:00,2025-04-16T19:28:59-07:00,0,0
global.js,29,js,700424ab,nicolas toon,2025-04-16,19:28:59,-07:00,2025-04-16T19:28:59-07:00,0,66
global.js,30,js,700424ab,nicolas toon,2025-04-16,19:28:59,-07:00,2025-04-16T19:28:59-07:00,0,26
global.js,31,js,700424ab,nicolas toon,2025-04-16,19:28:59,-07:00,2025-04-16T19:28:59-07:00,0,0
global.js,32,js,700424ab,nicolas toon,2025-04-16,19:28:59,-07:00,2025-04-16T19:28:59-07:00,0,30
global.js,33,js,700424ab,nicolas toon,2025-04-16,19:28:59,-07:00,2025-04-16T19:28:59-07:00,0,19
global.js,34,js,700424ab,nicolas toon,2025-04-16,19:28:59,-07:00,2025-04-16T19:28:59-07:00,0,0
global.js,35,js,700424ab,nicolas toon,2025-04-16,19:28:59,-07:00,2025-04-16T19:28:59-07:00,0,0
global.js,36,js,700424ab,nicolas toon,2025-04-16,19:28:59,-07:00,2025-04-16T19:28:59-07:00,0,0
global.js,37,js,700424ab,nicolas toon,2025-04-16,19:28:59,-07:00,2025-04-16T19:28:59-07:00,0,90
global.js,38,js,700424ab,nicolas toon,2025-04-16,19:28:59,-07:00,2025-04-16T19:28:59-07:00,0,60
global.js,39,js,700424ab,nicolas toon,2025-04-16,19:28:59,-07:00,2025-04-16T19:28:59-07:00,0,32
global.js,40,js,700424ab,nicolas toon,2025-04-16,19:28:59,-07:00,2025-04-16T19:28:59-07:00,0,12
global.js,41,js,791f6a10,nicolas toon,2025-05-06,14:54:15,-07:00,2025-05-06T14:54:15-07:00,0,28
global.js,42,js,700424ab,nicolas toon,2025-04-16,19:28:59,-07:00,2025-04-16T19:28:59-07:00,0,5
global.js,43,js,700424ab,nicolas toon,2025-04-16,19:28:59,-07:00,2025-04-16T19:28:59-07:00,0,7
global.js,44,js,24d991c3,nicolas toon,2025-04-17,21:04:59,-07:00,2025-04-17T21:04:59-07:00,0,76
global.js,45,js,24d991c3,nicolas toon,2025-04-17,21:04:59,-07:00,2025-04-17T21:04:59-07:00,0,49
global.js,46,js,700424ab,nicolas toon,2025-04-16,19:28:59,-07:00,2025-04-16T19:28:59-07:00,0,8
global.js,47,js,700424ab,nicolas toon,2025-04-16,19:28:59,-07:00,2025-04-16T19:28:59-07:00,0,9
global.js,48,js,700424ab,nicolas toon,2025-04-16,19:28:59,-07:00,2025-04-16T19:28:59-07:00,0,1
global.js,49,js,700424ab,nicolas toon,2025-04-16,19:28:59,-07:00,2025-04-16T19:28:59-07:00,0,0
global.js,50,js,700424ab,nicolas toon,2025-04-16,19:28:59,-07:00,2025-04-16T19:28:59-07:00,0,45
global.js,51,js,700424ab,nicolas toon,2025-04-16,19:28:59,-07:00,2025-04-16T19:28:59-07:00,0,50
global.js,52,js,24d991c3,nicolas toon,2025-04-17,21:04:59,-07:00,2025-04-17T21:04:59-07:00,0,58
global.js,53,js,24d991c3,nicolas toon,2025-04-17,21:04:59,-07:00,2025-04-17T21:04:59-07:00,0,78
global.js,54,js,24d991c3,nicolas toon,2025-04-17,21:04:59,-07:00,2025-04-17T21:04:59-07:00,0,45
global.js,55,js,700424ab,nicolas toon,2025-04-16,19:28:59,-07:00,2025-04-16T19:28:59-07:00,0,2
global.js,56,js,700424ab,nicolas toon,2025-04-16,19:28:59,-07:00,2025-04-16T19:28:59-07:00,0,30
global.js,57,js,700424ab,nicolas toon,2025-04-16,19:28:59,-07:00,2025-04-16T19:28:59-07:00,0,84
global.js,58,js,700424ab,nicolas toon,2025-04-16,19:28:59,-07:00,2025-04-16T19:28:59-07:00,0,39
global.js,59,js,700424ab,nicolas toon,2025-04-16,19:28:59,-07:00,2025-04-16T19:28:59-07:00,0,0
global.js,60,js,700424ab,nicolas toon,2025-04-16,19:28:59,-07:00,2025-04-16T19:28:59-07:00,0,0
global.js,61,js,791a1508,nicolas toon,2025-04-24,23:46:40,-07:00,2025-04-24T23:46:40-07:00,0,37
global.js,62,js,791a1508,nicolas toon,2025-04-24,23:46:40,-07:00,2025-04-24T23:46:40-07:00,0,4
global.js,63,js,791a1508,nicolas toon,2025-04-24,23:46:40,-07:00,2025-04-24T23:46:40-07:00,0,40
global.js,64,js,791a1508,nicolas toon,2025-04-24,23:46:40,-07:00,2025-04-24T23:46:40-07:00,0,33
global.js,65,js,791a1508,nicolas toon,2025-04-24,23:46:40,-07:00,2025-04-24T23:46:40-07:00,0,19
global.js,66,js,791a1508,nicolas toon,2025-04-24,23:46:40,-07:00,2025-04-24T23:46:40-07:00,0,18
global.js,67,js,791a1508,nicolas toon,2025-04-24,23:46:40,-07:00,2025-04-24T23:46:40-07:00,0,67
global.js,68,js,791a1508,nicolas toon,2025-04-24,23:46:40,-07:00,2025-04-24T23:46:40-07:00,0,0
global.js,69,js,791a1508,nicolas toon,2025-04-24,23:46:40,-07:00,2025-04-24T23:46:40-07:00,0,34
global.js,70,js,791a1508,nicolas toon,2025-04-24,23:46:40,-07:00,2025-04-24T23:46:40-07:00,0,11
global.js,71,js,791a1508,nicolas toon,2025-04-24,23:46:40,-07:00,2025-04-24T23:46:40-07:00,0,0
global.js,72,js,791a1508,nicolas toon,2025-04-24,23:46:40,-07:00,2025-04-24T23:46:40-07:00,0,14
global.js,73,js,791a1508,nicolas toon,2025-04-24,23:46:40,-07:00,2025-04-24T23:46:40-07:00,0,60
global.js,74,js,791a1508,nicolas toon,2025-04-24,23:46:40,-07:00,2025-04-24T23:46:40-07:00,0,0
global.js,75,js,791a1508,nicolas toon,2025-04-24,23:46:40,-07:00,2025-04-24T23:46:40-07:00,0,0
global.js,76,js,791a1508,nicolas toon,2025-04-24,23:46:40,-07:00,2025-04-24T23:46:40-07:00,0,0
global.js,77,js,791a1508,nicolas toon,2025-04-24,23:46:40,-07:00,2025-04-24T23:46:40-07:00,0,80
global.js,78,js,791a1508,nicolas toon,2025-04-24,23:46:40,-07:00,2025-04-24T23:46:40-07:00,0,31
global.js,79,js,791a1508,nicolas toon,2025-04-24,23:46:40,-07:00,2025-04-24T23:46:40-07:00,0,42
global.js,80,js,791a1508,nicolas toon,2025-04-24,23:46:40,-07:00,2025-04-24T23:46:40-07:00,0,27
global.js,81,js,791a1508,nicolas toon,2025-04-24,23:46:40,-07:00,2025-04-24T23:46:40-07:00,0,49
global.js,82,js,240ad1cc,nicolas toon,2025-04-25,14:48:25,-07:00,2025-04-25T14:48:25-07:00,0,0
global.js,83,js,de731122,nicolas toon,2025-04-25,16:08:26,-07:00,2025-04-25T16:08:26-07:00,0,112
global.js,84,js,e201a44a,nicolas toon,2025-04-25,15:45:45,-07:00,2025-04-25T15:45:45-07:00,0,93
global.js,85,js,240ad1cc,nicolas toon,2025-04-25,14:48:25,-07:00,2025-04-25T14:48:25-07:00,0,0
global.js,86,js,791a1508,nicolas toon,2025-04-24,23:46:40,-07:00,2025-04-24T23:46:40-07:00,0,20
global.js,87,js,9915ff47,nicolas toon,2025-04-25,00:00:02,-07:00,2025-04-25T00:00:02-07:00,0,50
global.js,88,js,240ad1cc,nicolas toon,2025-04-25,14:48:25,-07:00,2025-04-25T14:48:25-07:00,0,59
global.js,89,js,362d0de3,nicolas toon,2025-05-03,00:08:03,-07:00,2025-05-03T00:08:03-07:00,0,28
global.js,90,js,362d0de3,nicolas toon,2025-05-03,00:08:03,-07:00,2025-05-03T00:08:03-07:00,0,39
global.js,91,js,791a1508,nicolas toon,2025-04-24,23:46:40,-07:00,2025-04-24T23:46:40-07:00,0,37
global.js,92,js,791a1508,nicolas toon,2025-04-24,23:46:40,-07:00,2025-04-24T23:46:40-07:00,0,0
global.js,93,js,791a1508,nicolas toon,2025-04-24,23:46:40,-07:00,2025-04-24T23:46:40-07:00,0,0
global.js,94,js,700424ab,nicolas toon,2025-04-16,19:28:59,-07:00,2025-04-16T19:28:59-07:00,0,0
global.js,95,js,9915ff47,nicolas toon,2025-04-25,00:00:02,-07:00,2025-04-25T00:00:02-07:00,0,48
global.js,96,js,d9a5bf84,nicolas toon,2025-04-25,00:30:29,-07:00,2025-04-25T00:30:29-07:00,0,60
global.js,97,js,9915ff47,nicolas toon,2025-04-25,00:00:02,-07:00,2025-04-25T00:00:02-07:00,0,0
global.js,98,js,9915ff47,nicolas toon,2025-04-25,00:00:02,-07:00,2025-04-25T00:00:02-07:00,0,0
global.js,99,js,700424ab,nicolas toon,2025-04-16,19:28:59,-07:00,2025-04-16T19:28:59-07:00,0,0
resume/index.html,1,html,3350b32d,nicolas toon,2025-04-03,15:59:40,-07:00,2025-04-03T15:59:40-07:00,0,14
resume/index.html,2,html,3350b32d,nicolas toon,2025-04-03,15:59:40,-07:00,2025-04-03T15:59:40-07:00,0,15
resume/index.html,3,html,3350b32d,nicolas toon,2025-04-03,15:59:40,-07:00,2025-04-03T15:59:40-07:00,0,5
resume/index.html,4,html,3350b32d,nicolas toon,2025-04-03,15:59:40,-07:00,2025-04-03T15:59:40-07:00,0,21
resume/index.html,5,html,3350b32d,nicolas toon,2025-04-03,15:59:40,-07:00,2025-04-03T15:59:40-07:00,0,69
resume/index.html,6,html,9138c6e8,nicolas toon,2025-04-03,23:57:36,-07:00,2025-04-03T23:57:36-07:00,0,35
resume/index.html,7,html,3350b32d,nicolas toon,2025-04-03,15:59:40,-07:00,2025-04-03T15:59:40-07:00,0,42
resume/index.html,8,html,9915ff47,nicolas toon,2025-04-25,00:00:02,-07:00,2025-04-25T00:00:02-07:00,0,49
resume/index.html,9,html,3350b32d,nicolas toon,2025-04-03,15:59:40,-07:00,2025-04-03T15:59:40-07:00,0,6
resume/index.html,10,html,3350b32d,nicolas toon,2025-04-03,15:59:40,-07:00,2025-04-03T15:59:40-07:00,0,5
resume/index.html,11,html,9138c6e8,nicolas toon,2025-04-03,23:57:36,-07:00,2025-04-03T23:57:36-07:00,0,15
resume/index.html,12,html,9138c6e8,nicolas toon,2025-04-03,23:57:36,-07:00,2025-04-03T23:57:36-07:00,0,0
resume/index.html,13,html,9138c6e8,nicolas toon,2025-04-03,23:57:36,-07:00,2025-04-03T23:57:36-07:00,0,8
resume/index.html,14,html,9138c6e8,nicolas toon,2025-04-03,23:57:36,-07:00,2025-04-03T23:57:36-07:00,0,18
resume/index.html,15,html,9138c6e8,nicolas toon,2025-04-03,23:57:36,-07:00,2025-04-03T23:57:36-07:00,0,3
resume/index.html,16,html,9138c6e8,nicolas toon,2025-04-03,23:57:36,-07:00,2025-04-03T23:57:36-07:00,0,3
resume/index.html,17,html,9138c6e8,nicolas toon,2025-04-03,23:57:36,-07:00,2025-04-03T23:57:36-07:00,0,68
resume/index.html,18,html,9138c6e8,nicolas toon,2025-04-03,23:57:36,-07:00,2025-04-03T23:57:36-07:00,0,53
resume/index.html,19,html,9138c6e8,nicolas toon,2025-04-03,23:57:36,-07:00,2025-04-03T23:57:36-07:00,0,3
resume/index.html,20,html,9138c6e8,nicolas toon,2025-04-03,23:57:36,-07:00,2025-04-03T23:57:36-07:00,0,97
resume/index.html,21,html,9138c6e8,nicolas toon,2025-04-03,23:57:36,-07:00,2025-04-03T23:57:36-07:00,0,101
resume/index.html,22,html,9138c6e8,nicolas toon,2025-04-03,23:57:36,-07:00,2025-04-03T23:57:36-07:00,0,120
resume/index.html,23,html,9138c6e8,nicolas toon,2025-04-03,23:57:36,-07:00,2025-04-03T23:57:36-07:00,0,164
resume/index.html,24,html,9138c6e8,nicolas toon,2025-04-03,23:57:36,-07:00,2025-04-03T23:57:36-07:00,0,4
resume/index.html,25,html,9138c6e8,nicolas toon,2025-04-03,23:57:36,-07:00,2025-04-03T23:57:36-07:00,0,4
resume/index.html,26,html,9138c6e8,nicolas toon,2025-04-03,23:57:36,-07:00,2025-04-03T23:57:36-07:00,0,0
resume/index.html,27,html,9138c6e8,nicolas toon,2025-04-03,23:57:36,-07:00,2025-04-03T23:57:36-07:00,0,68
resume/index.html,28,html,9138c6e8,nicolas toon,2025-04-03,23:57:36,-07:00,2025-04-03T23:57:36-07:00,0,87
resume/index.html,29,html,9138c6e8,nicolas toon,2025-04-03,23:57:36,-07:00,2025-04-03T23:57:36-07:00,0,3
resume/index.html,30,html,9138c6e8,nicolas toon,2025-04-03,23:57:36,-07:00,2025-04-03T23:57:36-07:00,0,102
resume/index.html,31,html,9138c6e8,nicolas toon,2025-04-03,23:57:36,-07:00,2025-04-03T23:57:36-07:00,0,114
resume/index.html,32,html,9138c6e8,nicolas toon,2025-04-03,23:57:36,-07:00,2025-04-03T23:57:36-07:00,0,116
resume/index.html,33,html,9138c6e8,nicolas toon,2025-04-03,23:57:36,-07:00,2025-04-03T23:57:36-07:00,0,4
resume/index.html,34,html,9138c6e8,nicolas toon,2025-04-03,23:57:36,-07:00,2025-04-03T23:57:36-07:00,0,4
resume/index.html,35,html,9138c6e8,nicolas toon,2025-04-03,23:57:36,-07:00,2025-04-03T23:57:36-07:00,0,0
resume/index.html,36,html,9138c6e8,nicolas toon,2025-04-03,23:57:36,-07:00,2025-04-03T23:57:36-07:00,0,72
resume/index.html,37,html,9138c6e8,nicolas toon,2025-04-03,23:57:36,-07:00,2025-04-03T23:57:36-07:00,0,87
resume/index.html,38,html,9138c6e8,nicolas toon,2025-04-03,23:57:36,-07:00,2025-04-03T23:57:36-07:00,0,3
resume/index.html,39,html,9138c6e8,nicolas toon,2025-04-03,23:57:36,-07:00,2025-04-03T23:57:36-07:00,0,111
resume/index.html,40,html,9138c6e8,nicolas toon,2025-04-03,23:57:36,-07:00,2025-04-03T23:57:36-07:00,0,4
resume/index.html,41,html,9138c6e8,nicolas toon,2025-04-03,23:57:36,-07:00,2025-04-03T23:57:36-07:00,0,4
resume/index.html,42,html,9138c6e8,nicolas toon,2025-04-03,23:57:36,-07:00,2025-04-03T23:57:36-07:00,0,4
resume/index.html,43,html,9138c6e8,nicolas toon,2025-04-03,23:57:36,-07:00,2025-04-03T23:57:36-07:00,0,9
resume/index.html,44,html,9138c6e8,nicolas toon,2025-04-03,23:57:36,-07:00,2025-04-03T23:57:36-07:00,0,0
resume/index.html,45,html,9138c6e8,nicolas toon,2025-04-03,23:57:36,-07:00,2025-04-03T23:57:36-07:00,0,8
resume/index.html,46,html,9138c6e8,nicolas toon,2025-04-03,23:57:36,-07:00,2025-04-03T23:57:36-07:00,0,17
resume/index.html,47,html,9138c6e8,nicolas toon,2025-04-03,23:57:36,-07:00,2025-04-03T23:57:36-07:00,0,3
resume/index.html,48,html,9138c6e8,nicolas toon,2025-04-03,23:57:36,-07:00,2025-04-03T23:57:36-07:00,0,3
resume/index.html,49,html,9138c6e8,nicolas toon,2025-04-03,23:57:36,-07:00,2025-04-03T23:57:36-07:00,0,72
resume/index.html,50,html,9138c6e8,nicolas toon,2025-04-03,23:57:36,-07:00,2025-04-03T23:57:36-07:00,0,87
resume/index.html,51,html,9138c6e8,nicolas toon,2025-04-03,23:57:36,-07:00,2025-04-03T23:57:36-07:00,0,3
resume/index.html,52,html,9138c6e8,nicolas toon,2025-04-03,23:57:36,-07:00,2025-04-03T23:57:36-07:00,0,26
resume/index.html,53,html,9138c6e8,nicolas toon,2025-04-03,23:57:36,-07:00,2025-04-03T23:57:36-07:00,0,137
resume/index.html,54,html,9138c6e8,nicolas toon,2025-04-03,23:57:36,-07:00,2025-04-03T23:57:36-07:00,0,4
resume/index.html,55,html,9138c6e8,nicolas toon,2025-04-03,23:57:36,-07:00,2025-04-03T23:57:36-07:00,0,4
resume/index.html,56,html,9138c6e8,nicolas toon,2025-04-03,23:57:36,-07:00,2025-04-03T23:57:36-07:00,0,4
resume/index.html,57,html,9138c6e8,nicolas toon,2025-04-03,23:57:36,-07:00,2025-04-03T23:57:36-07:00,0,9
resume/index.html,58,html,9138c6e8,nicolas toon,2025-04-03,23:57:36,-07:00,2025-04-03T23:57:36-07:00,0,0
resume/index.html,59,html,9138c6e8,nicolas toon,2025-04-03,23:57:36,-07:00,2025-04-03T23:57:36-07:00,0,8
resume/index.html,60,html,9138c6e8,nicolas toon,2025-04-03,23:57:36,-07:00,2025-04-03T23:57:36-07:00,0,14
resume/index.html,61,html,9138c6e8,nicolas toon,2025-04-03,23:57:36,-07:00,2025-04-03T23:57:36-07:00,0,3
resume/index.html,62,html,9138c6e8,nicolas toon,2025-04-03,23:57:36,-07:00,2025-04-03T23:57:36-07:00,0,3
resume/index.html,63,html,9138c6e8,nicolas toon,2025-04-03,23:57:36,-07:00,2025-04-03T23:57:36-07:00,0,43
resume/index.html,64,html,9138c6e8,nicolas toon,2025-04-03,23:57:36,-07:00,2025-04-03T23:57:36-07:00,0,86
resume/index.html,65,html,9138c6e8,nicolas toon,2025-04-03,23:57:36,-07:00,2025-04-03T23:57:36-07:00,0,4
resume/index.html,66,html,9138c6e8,nicolas toon,2025-04-03,23:57:36,-07:00,2025-04-03T23:57:36-07:00,0,9
resume/index.html,67,html,9138c6e8,nicolas toon,2025-04-03,23:57:36,-07:00,2025-04-03T23:57:36-07:00,0,0
resume/index.html,68,html,9138c6e8,nicolas toon,2025-04-03,23:57:36,-07:00,2025-04-03T23:57:36-07:00,0,8
resume/index.html,69,html,9138c6e8,nicolas toon,2025-04-03,23:57:36,-07:00,2025-04-03T23:57:36-07:00,0,17
resume/index.html,70,html,9138c6e8,nicolas toon,2025-04-03,23:57:36,-07:00,2025-04-03T23:57:36-07:00,0,3
resume/index.html,71,html,9138c6e8,nicolas toon,2025-04-03,23:57:36,-07:00,2025-04-03T23:57:36-07:00,0,3
resume/index.html,72,html,9138c6e8,nicolas toon,2025-04-03,23:57:36,-07:00,2025-04-03T23:57:36-07:00,0,109
resume/index.html,73,html,9138c6e8,nicolas toon,2025-04-03,23:57:36,-07:00,2025-04-03T23:57:36-07:00,0,90
resume/index.html,74,html,9138c6e8,nicolas toon,2025-04-03,23:57:36,-07:00,2025-04-03T23:57:36-07:00,0,4
resume/index.html,75,html,9138c6e8,nicolas toon,2025-04-03,23:57:36,-07:00,2025-04-03T23:57:36-07:00,0,9
resume/index.html,76,html,9138c6e8,nicolas toon,2025-04-03,23:57:36,-07:00,2025-04-03T23:57:36-07:00,0,0
resume/index.html,77,html,9138c6e8,nicolas toon,2025-04-03,23:57:36,-07:00,2025-04-03T23:57:36-07:00,0,3
resume/index.html,78,html,73d8b20d,nicolas toon,2025-04-09,22:29:17,-07:00,2025-04-09T22:29:17-07:00,0,65
resume/index.html,79,html,3350b32d,nicolas toon,2025-04-03,15:59:40,-07:00,2025-04-03T15:59:40-07:00,0,6
resume/index.html,80,html,3350b32d,nicolas toon,2025-04-03,15:59:40,-07:00,2025-04-03T15:59:40-07:00,0,6
projects/projects.js,1,js,791a1508,nicolas toon,2025-04-24,23:46:40,-07:00,2025-04-24T23:46:40-07:00,0,56
projects/projects.js,2,js,362d0de3,nicolas toon,2025-05-03,00:08:03,-07:00,2025-05-03T00:08:03-07:00,0,64
projects/projects.js,3,js,791a1508,nicolas toon,2025-04-24,23:46:40,-07:00,2025-04-24T23:46:40-07:00,0,0
projects/projects.js,4,js,f8fb4149,nicolas toon,2025-05-03,02:49:16,-07:00,2025-05-03T02:49:16-07:00,0,54
projects/projects.js,5,js,f8fb4149,nicolas toon,2025-05-03,02:49:16,-07:00,2025-05-03T02:49:16-07:00,0,47
projects/projects.js,6,js,f8fb4149,nicolas toon,2025-05-03,02:49:16,-07:00,2025-05-03T02:49:16-07:00,0,69
projects/projects.js,7,js,f8fb4149,nicolas toon,2025-05-03,02:49:16,-07:00,2025-05-03T02:49:16-07:00,0,0
projects/projects.js,8,js,f8fb4149,nicolas toon,2025-05-03,02:49:16,-07:00,2025-05-03T02:49:16-07:00,0,0
projects/projects.js,9,js,791a1508,nicolas toon,2025-04-24,23:46:40,-07:00,2025-04-24T23:46:40-07:00,0,56
projects/projects.js,10,js,791a1508,nicolas toon,2025-04-24,23:46:40,-07:00,2025-04-24T23:46:40-07:00,0,61
projects/projects.js,11,js,9915ff47,nicolas toon,2025-04-25,00:00:02,-07:00,2025-04-25T00:00:02-07:00,0,49
projects/projects.js,12,js,9915ff47,nicolas toon,2025-04-25,00:00:02,-07:00,2025-04-25T00:00:02-07:00,0,0
projects/projects.js,13,js,9915ff47,nicolas toon,2025-04-25,00:00:02,-07:00,2025-04-25T00:00:02-07:00,0,50
projects/projects.js,14,js,f8fb4149,nicolas toon,2025-05-03,02:49:16,-07:00,2025-05-03T02:49:16-07:00,0,38
projects/projects.js,15,js,362d0de3,nicolas toon,2025-05-03,00:08:03,-07:00,2025-05-03T00:08:03-07:00,0,58
projects/projects.js,16,js,362d0de3,nicolas toon,2025-05-03,00:08:03,-07:00,2025-05-03T00:08:03-07:00,0,0
projects/projects.js,17,js,362d0de3,nicolas toon,2025-05-03,00:08:03,-07:00,2025-05-03T00:08:03-07:00,0,30
projects/projects.js,18,js,362d0de3,nicolas toon,2025-05-03,00:08:03,-07:00,2025-05-03T00:08:03-07:00,0,15
projects/projects.js,19,js,362d0de3,nicolas toon,2025-05-03,00:08:03,-07:00,2025-05-03T00:08:03-07:00,0,22
projects/projects.js,20,js,362d0de3,nicolas toon,2025-05-03,00:08:03,-07:00,2025-05-03T00:08:03-07:00,0,20
projects/projects.js,21,js,362d0de3,nicolas toon,2025-05-03,00:08:03,-07:00,2025-05-03T00:08:03-07:00,0,4
projects/projects.js,22,js,362d0de3,nicolas toon,2025-05-03,00:08:03,-07:00,2025-05-03T00:08:03-07:00,0,48
projects/projects.js,23,js,362d0de3,nicolas toon,2025-05-03,00:08:03,-07:00,2025-05-03T00:08:03-07:00,0,43
projects/projects.js,24,js,362d0de3,nicolas toon,2025-05-03,00:08:03,-07:00,2025-05-03T00:08:03-07:00,0,5
projects/projects.js,25,js,362d0de3,nicolas toon,2025-05-03,00:08:03,-07:00,2025-05-03T00:08:03-07:00,0,54
projects/projects.js,26,js,362d0de3,nicolas toon,2025-05-03,00:08:03,-07:00,2025-05-03T00:08:03-07:00,0,37
projects/projects.js,27,js,362d0de3,nicolas toon,2025-05-03,00:08:03,-07:00,2025-05-03T00:08:03-07:00,0,49
projects/projects.js,28,js,362d0de3,nicolas toon,2025-05-03,00:08:03,-07:00,2025-05-03T00:08:03-07:00,0,51
projects/projects.js,29,js,362d0de3,nicolas toon,2025-05-03,00:08:03,-07:00,2025-05-03T00:08:03-07:00,0,0
projects/projects.js,30,js,362d0de3,nicolas toon,2025-05-03,00:08:03,-07:00,2025-05-03T00:08:03-07:00,0,39
projects/projects.js,31,js,362d0de3,nicolas toon,2025-05-03,00:08:03,-07:00,2025-05-03T00:08:03-07:00,0,26
projects/projects.js,32,js,362d0de3,nicolas toon,2025-05-03,00:08:03,-07:00,2025-05-03T00:08:03-07:00,0,30
projects/projects.js,33,js,362d0de3,nicolas toon,2025-05-03,00:08:03,-07:00,2025-05-03T00:08:03-07:00,0,13
projects/projects.js,34,js,362d0de3,nicolas toon,2025-05-03,00:08:03,-07:00,2025-05-03T00:08:03-07:00,0,15
projects/projects.js,35,js,362d0de3,nicolas toon,2025-05-03,00:08:03,-07:00,2025-05-03T00:08:03-07:00,0,13
projects/projects.js,36,js,362d0de3,nicolas toon,2025-05-03,00:08:03,-07:00,2025-05-03T00:08:03-07:00,0,1
projects/projects.js,37,js,362d0de3,nicolas toon,2025-05-03,00:08:03,-07:00,2025-05-03T00:08:03-07:00,0,19
projects/projects.js,38,js,362d0de3,nicolas toon,2025-05-03,00:08:03,-07:00,2025-05-03T00:08:03-07:00,0,51
projects/projects.js,39,js,362d0de3,nicolas toon,2025-05-03,00:08:03,-07:00,2025-05-03T00:08:03-07:00,0,44
projects/projects.js,40,js,362d0de3,nicolas toon,2025-05-03,00:08:03,-07:00,2025-05-03T00:08:03-07:00,0,2
projects/projects.js,41,js,362d0de3,nicolas toon,2025-05-03,00:08:03,-07:00,2025-05-03T00:08:03-07:00,0,51
projects/projects.js,42,js,362d0de3,nicolas toon,2025-05-03,00:08:03,-07:00,2025-05-03T00:08:03-07:00,0,54
projects/projects.js,43,js,362d0de3,nicolas toon,2025-05-03,00:08:03,-07:00,2025-05-03T00:08:03-07:00,0,43
projects/projects.js,44,js,362d0de3,nicolas toon,2025-05-03,00:08:03,-07:00,2025-05-03T00:08:03-07:00,0,52
projects/projects.js,45,js,362d0de3,nicolas toon,2025-05-03,00:08:03,-07:00,2025-05-03T00:08:03-07:00,0,34
projects/projects.js,46,js,362d0de3,nicolas toon,2025-05-03,00:08:03,-07:00,2025-05-03T00:08:03-07:00,0,29
projects/projects.js,47,js,362d0de3,nicolas toon,2025-05-03,00:08:03,-07:00,2025-05-03T00:08:03-07:00,0,33
projects/projects.js,48,js,f64dfdf1,nicolas toon,2025-05-03,01:59:17,-07:00,2025-05-03T01:59:17-07:00,0,35
projects/projects.js,49,js,f64dfdf1,nicolas toon,2025-05-03,01:59:17,-07:00,2025-05-03T01:59:17-07:00,0,33
projects/projects.js,50,js,362d0de3,nicolas toon,2025-05-03,00:08:03,-07:00,2025-05-03T00:08:03-07:00,0,54
projects/projects.js,51,js,362d0de3,nicolas toon,2025-05-03,00:08:03,-07:00,2025-05-03T00:08:03-07:00,0,48
projects/projects.js,52,js,f64dfdf1,nicolas toon,2025-05-03,01:59:17,-07:00,2025-05-03T01:59:17-07:00,0,33
projects/projects.js,53,js,f64dfdf1,nicolas toon,2025-05-03,01:59:17,-07:00,2025-05-03T01:59:17-07:00,0,22
projects/projects.js,54,js,f64dfdf1,nicolas toon,2025-05-03,01:59:17,-07:00,2025-05-03T01:59:17-07:00,0,23
projects/projects.js,55,js,f64dfdf1,nicolas toon,2025-05-03,01:59:17,-07:00,2025-05-03T01:59:17-07:00,0,23
projects/projects.js,56,js,f64dfdf1,nicolas toon,2025-05-03,01:59:17,-07:00,2025-05-03T01:59:17-07:00,0,34
projects/projects.js,57,js,f64dfdf1,nicolas toon,2025-05-03,01:59:17,-07:00,2025-05-03T01:59:17-07:00,0,4
projects/projects.js,58,js,362d0de3,nicolas toon,2025-05-03,00:08:03,-07:00,2025-05-03T00:08:03-07:00,0,33
projects/projects.js,59,js,362d0de3,nicolas toon,2025-05-03,00:08:03,-07:00,2025-05-03T00:08:03-07:00,0,28
projects/projects.js,60,js,362d0de3,nicolas toon,2025-05-03,00:08:03,-07:00,2025-05-03T00:08:03-07:00,0,18
projects/projects.js,61,js,362d0de3,nicolas toon,2025-05-03,00:08:03,-07:00,2025-05-03T00:08:03-07:00,0,94
projects/projects.js,62,js,f64dfdf1,nicolas toon,2025-05-03,01:59:17,-07:00,2025-05-03T01:59:17-07:00,0,17
projects/projects.js,63,js,362d0de3,nicolas toon,2025-05-03,00:08:03,-07:00,2025-05-03T00:08:03-07:00,0,111
projects/projects.js,64,js,362d0de3,nicolas toon,2025-05-03,00:08:03,-07:00,2025-05-03T00:08:03-07:00,0,2
projects/projects.js,65,js,f64dfdf1,nicolas toon,2025-05-03,01:59:17,-07:00,2025-05-03T01:59:17-07:00,0,0
projects/projects.js,66,js,f64dfdf1,nicolas toon,2025-05-03,01:59:17,-07:00,2025-05-03T01:59:17-07:00,0,22
projects/projects.js,67,js,f64dfdf1,nicolas toon,2025-05-03,01:59:17,-07:00,2025-05-03T01:59:17-07:00,0,28
projects/projects.js,68,js,f64dfdf1,nicolas toon,2025-05-03,01:59:17,-07:00,2025-05-03T01:59:17-07:00,0,5
projects/projects.js,69,js,f64dfdf1,nicolas toon,2025-05-03,01:59:17,-07:00,2025-05-03T01:59:17-07:00,0,14
projects/projects.js,70,js,f64dfdf1,nicolas toon,2025-05-03,01:59:17,-07:00,2025-05-03T01:59:17-07:00,0,14
projects/projects.js,71,js,f64dfdf1,nicolas toon,2025-05-03,01:59:17,-07:00,2025-05-03T01:59:17-07:00,0,23
projects/projects.js,72,js,f64dfdf1,nicolas toon,2025-05-03,01:59:17,-07:00,2025-05-03T01:59:17-07:00,0,19
projects/projects.js,73,js,f64dfdf1,nicolas toon,2025-05-03,01:59:17,-07:00,2025-05-03T01:59:17-07:00,0,44
projects/projects.js,74,js,f64dfdf1,nicolas toon,2025-05-03,01:59:17,-07:00,2025-05-03T01:59:17-07:00,0,5
projects/projects.js,75,js,f64dfdf1,nicolas toon,2025-05-03,01:59:17,-07:00,2025-05-03T01:59:17-07:00,0,17
projects/projects.js,76,js,f64dfdf1,nicolas toon,2025-05-03,01:59:17,-07:00,2025-05-03T01:59:17-07:00,0,27
projects/projects.js,77,js,f64dfdf1,nicolas toon,2025-05-03,01:59:17,-07:00,2025-05-03T01:59:17-07:00,0,27
projects/projects.js,78,js,f64dfdf1,nicolas toon,2025-05-03,01:59:17,-07:00,2025-05-03T01:59:17-07:00,0,16
projects/projects.js,79,js,f64dfdf1,nicolas toon,2025-05-03,01:59:17,-07:00,2025-05-03T01:59:17-07:00,0,0
projects/projects.js,80,js,f64dfdf1,nicolas toon,2025-05-03,01:59:17,-07:00,2025-05-03T01:59:17-07:00,0,2
projects/projects.js,81,js,f64dfdf1,nicolas toon,2025-05-03,01:59:17,-07:00,2025-05-03T01:59:17-07:00,0,5
projects/projects.js,82,js,f64dfdf1,nicolas toon,2025-05-03,01:59:17,-07:00,2025-05-03T01:59:17-07:00,0,15
projects/projects.js,83,js,f64dfdf1,nicolas toon,2025-05-03,01:59:17,-07:00,2025-05-03T01:59:17-07:00,0,27
projects/projects.js,84,js,f64dfdf1,nicolas toon,2025-05-03,01:59:17,-07:00,2025-05-03T01:59:17-07:00,0,27
projects/projects.js,85,js,f64dfdf1,nicolas toon,2025-05-03,01:59:17,-07:00,2025-05-03T01:59:17-07:00,0,16
projects/projects.js,86,js,f64dfdf1,nicolas toon,2025-05-03,01:59:17,-07:00,2025-05-03T01:59:17-07:00,0,0
projects/projects.js,87,js,f64dfdf1,nicolas toon,2025-05-03,01:59:17,-07:00,2025-05-03T01:59:17-07:00,0,2
projects/projects.js,88,js,f64dfdf1,nicolas toon,2025-05-03,01:59:17,-07:00,2025-05-03T01:59:17-07:00,0,30
projects/projects.js,89,js,f64dfdf1,nicolas toon,2025-05-03,01:59:17,-07:00,2025-05-03T01:59:17-07:00,0,54
projects/projects.js,90,js,f64dfdf1,nicolas toon,2025-05-03,01:59:17,-07:00,2025-05-03T01:59:17-07:00,0,23
projects/projects.js,91,js,f64dfdf1,nicolas toon,2025-05-03,01:59:17,-07:00,2025-05-03T01:59:17-07:00,0,64
projects/projects.js,92,js,f64dfdf1,nicolas toon,2025-05-03,01:59:17,-07:00,2025-05-03T01:59:17-07:00,0,0
projects/projects.js,93,js,f64dfdf1,nicolas toon,2025-05-03,01:59:17,-07:00,2025-05-03T01:59:17-07:00,0,26
projects/projects.js,94,js,864375c9,nicolas toon,2025-05-03,02:27:10,-07:00,2025-05-03T02:27:10-07:00,0,57
projects/projects.js,95,js,f8fb4149,nicolas toon,2025-05-03,02:49:16,-07:00,2025-05-03T02:49:16-07:00,0,46
projects/projects.js,96,js,f64dfdf1,nicolas toon,2025-05-03,01:59:17,-07:00,2025-05-03T01:59:17-07:00,0,7
projects/projects.js,97,js,864375c9,nicolas toon,2025-05-03,02:27:10,-07:00,2025-05-03T02:27:10-07:00,0,75
projects/projects.js,98,js,864375c9,nicolas toon,2025-05-03,02:27:10,-07:00,2025-05-03T02:27:10-07:00,0,56
projects/projects.js,99,js,f8fb4149,nicolas toon,2025-05-03,02:49:16,-07:00,2025-05-03T02:49:16-07:00,0,46
projects/projects.js,100,js,f64dfdf1,nicolas toon,2025-05-03,01:59:17,-07:00,2025-05-03T01:59:17-07:00,0,0
projects/projects.js,101,js,f64dfdf1,nicolas toon,2025-05-03,01:59:17,-07:00,2025-05-03T01:59:17-07:00,0,2
projects/projects.js,102,js,f64dfdf1,nicolas toon,2025-05-03,01:59:17,-07:00,2025-05-03T01:59:17-07:00,0,2
projects/projects.js,103,js,362d0de3,nicolas toon,2025-05-03,00:08:03,-07:00,2025-05-03T00:08:03-07:00,0,0
projects/projects.js,104,js,362d0de3,nicolas toon,2025-05-03,00:08:03,-07:00,2025-05-03T00:08:03-07:00,0,0
projects/projects.js,105,js,f64dfdf1,nicolas toon,2025-05-03,01:59:17,-07:00,2025-05-03T01:59:17-07:00,0,35
projects/projects.js,106,js,f64dfdf1,nicolas toon,2025-05-03,01:59:17,-07:00,2025-05-03T01:59:17-07:00,0,36
projects/projects.js,107,js,362d0de3,nicolas toon,2025-05-03,00:08:03,-07:00,2025-05-03T00:08:03-07:00,0,60
projects/projects.js,108,js,362d0de3,nicolas toon,2025-05-03,00:08:03,-07:00,2025-05-03T00:08:03-07:00,0,43
projects/projects.js,109,js,362d0de3,nicolas toon,2025-05-03,00:08:03,-07:00,2025-05-03T00:08:03-07:00,0,2
projects/projects.js,110,js,362d0de3,nicolas toon,2025-05-03,00:08:03,-07:00,2025-05-03T00:08:03-07:00,0,0
projects/projects.js,111,js,f64dfdf1,nicolas toon,2025-05-03,01:59:17,-07:00,2025-05-03T01:59:17-07:00,0,0
projects/projects.js,112,js,f64dfdf1,nicolas toon,2025-05-03,01:59:17,-07:00,2025-05-03T01:59:17-07:00,0,41
projects/projects.js,113,js,f64dfdf1,nicolas toon,2025-05-03,01:59:17,-07:00,2025-05-03T01:59:17-07:00,0,36
projects/projects.js,114,js,f64dfdf1,nicolas toon,2025-05-03,01:59:17,-07:00,2025-05-03T01:59:17-07:00,0,33
projects/projects.js,115,js,f64dfdf1,nicolas toon,2025-05-03,01:59:17,-07:00,2025-05-03T01:59:17-07:00,0,2
projects/projects.js,116,js,f64dfdf1,nicolas toon,2025-05-03,01:59:17,-07:00,2025-05-03T01:59:17-07:00,0,0
projects/projects.js,117,js,362d0de3,nicolas toon,2025-05-03,00:08:03,-07:00,2025-05-03T00:08:03-07:00,0,0
projects/projects.js,118,js,362d0de3,nicolas toon,2025-05-03,00:08:03,-07:00,2025-05-03T00:08:03-07:00,0,33
projects/projects.js,119,js,362d0de3,nicolas toon,2025-05-03,00:08:03,-07:00,2025-05-03T00:08:03-07:00,0,24
projects/projects.js,120,js,362d0de3,nicolas toon,2025-05-03,00:08:03,-07:00,2025-05-03T00:08:03-07:00,0,0
projects/projects.js,121,js,362d0de3,nicolas toon,2025-05-03,00:08:03,-07:00,2025-05-03T00:08:03-07:00,0,54
projects/projects.js,122,js,f64dfdf1,nicolas toon,2025-05-03,01:59:17,-07:00,2025-05-03T01:59:17-07:00,0,49
projects/projects.js,123,js,f64dfdf1,nicolas toon,2025-05-03,01:59:17,-07:00,2025-05-03T01:59:17-07:00,0,61
projects/projects.js,124,js,362d0de3,nicolas toon,2025-05-03,00:08:03,-07:00,2025-05-03T00:08:03-07:00,0,53
projects/projects.js,125,js,f8fb4149,nicolas toon,2025-05-03,02:49:16,-07:00,2025-05-03T02:49:16-07:00,0,46
projects/projects.js,126,js,362d0de3,nicolas toon,2025-05-03,00:08:03,-07:00,2025-05-03T00:08:03-07:00,0,57
projects/projects.js,127,js,362d0de3,nicolas toon,2025-05-03,00:08:03,-07:00,2025-05-03T00:08:03-07:00,0,32
projects/projects.js,128,js,f64dfdf1,nicolas toon,2025-05-03,01:59:17,-07:00,2025-05-03T01:59:17-07:00,0,2
projects/index.html,1,html,3350b32d,nicolas toon,2025-04-03,15:59:40,-07:00,2025-04-03T15:59:40-07:00,0,14
projects/index.html,2,html,3350b32d,nicolas toon,2025-04-03,15:59:40,-07:00,2025-04-03T15:59:40-07:00,0,15
projects/index.html,3,html,3350b32d,nicolas toon,2025-04-03,15:59:40,-07:00,2025-04-03T15:59:40-07:00,0,5
projects/index.html,4,html,3350b32d,nicolas toon,2025-04-03,15:59:40,-07:00,2025-04-03T15:59:40-07:00,0,21
projects/index.html,5,html,3350b32d,nicolas toon,2025-04-03,15:59:40,-07:00,2025-04-03T15:59:40-07:00,0,69
projects/index.html,6,html,9138c6e8,nicolas toon,2025-04-03,23:57:36,-07:00,2025-04-03T23:57:36-07:00,0,22
projects/index.html,7,html,3350b32d,nicolas toon,2025-04-03,15:59:40,-07:00,2025-04-03T15:59:40-07:00,0,42
projects/index.html,8,html,791a1508,nicolas toon,2025-04-24,23:46:40,-07:00,2025-04-24T23:46:40-07:00,0,49
projects/index.html,9,html,791a1508,nicolas toon,2025-04-24,23:46:40,-07:00,2025-04-24T23:46:40-07:00,0,48
projects/index.html,10,html,3350b32d,nicolas toon,2025-04-03,15:59:40,-07:00,2025-04-03T15:59:40-07:00,0,6
projects/index.html,11,html,3350b32d,nicolas toon,2025-04-03,15:59:40,-07:00,2025-04-03T15:59:40-07:00,0,5
projects/index.html,12,html,9138c6e8,nicolas toon,2025-04-03,23:57:36,-07:00,2025-04-03T23:57:36-07:00,0,17
projects/index.html,13,html,73d8b20d,nicolas toon,2025-04-09,22:29:17,-07:00,2025-04-09T22:29:17-07:00,0,0
projects/index.html,14,html,362d0de3,nicolas toon,2025-05-03,00:08:03,-07:00,2025-05-03T00:08:03-07:00,0,22
projects/index.html,15,html,362d0de3,nicolas toon,2025-05-03,00:08:03,-07:00,2025-05-03T00:08:03-07:00,0,49
projects/index.html,16,html,362d0de3,nicolas toon,2025-05-03,00:08:03,-07:00,2025-05-03T00:08:03-07:00,0,11
projects/index.html,17,html,362d0de3,nicolas toon,2025-05-03,00:08:03,-07:00,2025-05-03T00:08:03-07:00,0,5
projects/index.html,18,html,362d0de3,nicolas toon,2025-05-03,00:08:03,-07:00,2025-05-03T00:08:03-07:00,0,18
projects/index.html,19,html,362d0de3,nicolas toon,2025-05-03,00:08:03,-07:00,2025-05-03T00:08:03-07:00,0,11
projects/index.html,20,html,362d0de3,nicolas toon,2025-05-03,00:08:03,-07:00,2025-05-03T00:08:03-07:00,0,4
projects/index.html,21,html,362d0de3,nicolas toon,2025-05-03,00:08:03,-07:00,2025-05-03T00:08:03-07:00,0,5
projects/index.html,22,html,362d0de3,nicolas toon,2025-05-03,00:08:03,-07:00,2025-05-03T00:08:03-07:00,0,102
projects/index.html,23,html,864375c9,nicolas toon,2025-05-03,02:27:10,-07:00,2025-05-03T02:27:10-07:00,0,0
projects/index.html,24,html,362d0de3,nicolas toon,2025-05-03,00:08:03,-07:00,2025-05-03T00:08:03-07:00,0,0
projects/index.html,25,html,362d0de3,nicolas toon,2025-05-03,00:08:03,-07:00,2025-05-03T00:08:03-07:00,0,27
projects/index.html,26,html,3350b32d,nicolas toon,2025-04-03,15:59:40,-07:00,2025-04-03T15:59:40-07:00,0,6
projects/index.html,27,html,362d0de3,nicolas toon,2025-05-03,00:08:03,-07:00,2025-05-03T00:08:03-07:00,0,6
projects/index.html,28,html,362d0de3,nicolas toon,2025-05-03,00:08:03,-07:00,2025-05-03T00:08:03-07:00,0,0
meta/main.js,1,js,98fdb1b3,nicolas toon,2025-05-06,15:48:18,-07:00,2025-05-06T15:48:18-07:00,0,64
meta/main.js,2,js,98fdb1b3,nicolas toon,2025-05-06,15:48:18,-07:00,2025-05-06T15:48:18-07:00,0,0
meta/main.js,3,js,98fdb1b3,nicolas toon,2025-05-06,15:48:18,-07:00,2025-05-06T15:48:18-07:00,0,26
meta/main.js,4,js,98fdb1b3,nicolas toon,2025-05-06,15:48:18,-07:00,2025-05-06T15:48:18-07:00,0,47
meta/main.js,5,js,98fdb1b3,nicolas toon,2025-05-06,15:48:18,-07:00,2025-05-06T15:48:18-07:00,0,6
meta/main.js,6,js,98fdb1b3,nicolas toon,2025-05-06,15:48:18,-07:00,2025-05-06T15:48:18-07:00,0,43
meta/main.js,7,js,98fdb1b3,nicolas toon,2025-05-06,15:48:18,-07:00,2025-05-06T15:48:18-07:00,0,24
meta/main.js,8,js,98fdb1b3,nicolas toon,2025-05-06,15:48:18,-07:00,2025-05-06T15:48:18-07:00,0,26
meta/main.js,9,js,98fdb1b3,nicolas toon,2025-05-06,15:48:18,-07:00,2025-05-06T15:48:18-07:00,0,50
meta/main.js,10,js,98fdb1b3,nicolas toon,2025-05-06,15:48:18,-07:00,2025-05-06T15:48:18-07:00,0,32
meta/main.js,11,js,98fdb1b3,nicolas toon,2025-05-06,15:48:18,-07:00,2025-05-06T15:48:18-07:00,0,3
meta/main.js,12,js,98fdb1b3,nicolas toon,2025-05-06,15:48:18,-07:00,2025-05-06T15:48:18-07:00,0,0
meta/main.js,13,js,98fdb1b3,nicolas toon,2025-05-06,15:48:18,-07:00,2025-05-06T15:48:18-07:00,0,11
meta/main.js,14,js,98fdb1b3,nicolas toon,2025-05-06,15:48:18,-07:00,2025-05-06T15:48:18-07:00,0,0
meta/main.js,15,js,98fdb1b3,nicolas toon,2025-05-06,15:48:18,-07:00,2025-05-06T15:48:18-07:00,0,0
meta/main.js,16,js,98fdb1b3,nicolas toon,2025-05-06,15:48:18,-07:00,2025-05-06T15:48:18-07:00,0,30
meta/main.js,17,js,98fdb1b3,nicolas toon,2025-05-06,15:48:18,-07:00,2025-05-06T15:48:18-07:00,0,8
meta/main.js,18,js,98fdb1b3,nicolas toon,2025-05-06,15:48:18,-07:00,2025-05-06T15:48:18-07:00,0,29
meta/main.js,19,js,98fdb1b3,nicolas toon,2025-05-06,15:48:18,-07:00,2025-05-06T15:48:18-07:00,0,26
meta/main.js,20,js,98fdb1b3,nicolas toon,2025-05-06,15:48:18,-07:00,2025-05-06T15:48:18-07:00,0,20
meta/main.js,21,js,98fdb1b3,nicolas toon,2025-05-06,15:48:18,-07:00,2025-05-06T15:48:18-07:00,0,54
meta/main.js,22,js,98fdb1b3,nicolas toon,2025-05-06,15:48:18,-07:00,2025-05-06T15:48:18-07:00,0,0
meta/main.js,23,js,98fdb1b3,nicolas toon,2025-05-06,15:48:18,-07:00,2025-05-06T15:48:18-07:00,0,10
meta/main.js,24,js,98fdb1b3,nicolas toon,2025-05-06,15:48:18,-07:00,2025-05-06T15:48:18-07:00,0,10
meta/main.js,25,js,98fdb1b3,nicolas toon,2025-05-06,15:48:18,-07:00,2025-05-06T15:48:18-07:00,0,52
meta/main.js,26,js,98fdb1b3,nicolas toon,2025-05-06,15:48:18,-07:00,2025-05-06T15:48:18-07:00,0,6
meta/main.js,27,js,98fdb1b3,nicolas toon,2025-05-06,15:48:18,-07:00,2025-05-06T15:48:18-07:00,0,4
meta/main.js,28,js,98fdb1b3,nicolas toon,2025-05-06,15:48:18,-07:00,2025-05-06T15:48:18-07:00,0,4
meta/main.js,29,js,98fdb1b3,nicolas toon,2025-05-06,15:48:18,-07:00,2025-05-06T15:48:18-07:00,0,8
meta/main.js,30,js,98fdb1b3,nicolas toon,2025-05-06,15:48:18,-07:00,2025-05-06T15:48:18-07:00,0,8
meta/main.js,31,js,98fdb1b3,nicolas toon,2025-05-06,15:48:18,-07:00,2025-05-06T15:48:18-07:00,0,47
meta/main.js,32,js,98fdb1b3,nicolas toon,2025-05-06,15:48:18,-07:00,2025-05-06T15:48:18-07:00,0,22
meta/main.js,33,js,98fdb1b3,nicolas toon,2025-05-06,15:48:18,-07:00,2025-05-06T15:48:18-07:00,0,58
meta/main.js,34,js,98fdb1b3,nicolas toon,2025-05-06,15:48:18,-07:00,2025-05-06T15:48:18-07:00,0,31
meta/main.js,35,js,98fdb1b3,nicolas toon,2025-05-06,15:48:18,-07:00,2025-05-06T15:48:18-07:00,0,24
meta/main.js,36,js,98fdb1b3,nicolas toon,2025-05-06,15:48:18,-07:00,2025-05-06T15:48:18-07:00,0,1
meta/main.js,37,js,98fdb1b3,nicolas toon,2025-05-06,15:48:18,-07:00,2025-05-06T15:48:18-07:00,0,0
meta/main.js,38,js,98fdb1b3,nicolas toon,2025-05-06,15:48:18,-07:00,2025-05-06T15:48:18-07:00,0,36
meta/main.js,39,js,98fdb1b3,nicolas toon,2025-05-06,15:48:18,-07:00,2025-05-06T15:48:18-07:00,0,12
meta/main.js,40,js,98fdb1b3,nicolas toon,2025-05-06,15:48:18,-07:00,2025-05-06T15:48:18-07:00,0,17
meta/main.js,41,js,98fdb1b3,nicolas toon,2025-05-06,15:48:18,-07:00,2025-05-06T15:48:18-07:00,0,19
meta/main.js,42,js,98fdb1b3,nicolas toon,2025-05-06,15:48:18,-07:00,2025-05-06T15:48:18-07:00,0,15
meta/main.js,43,js,98fdb1b3,nicolas toon,2025-05-06,15:48:18,-07:00,2025-05-06T15:48:18-07:00,0,2
meta/main.js,44,js,98fdb1b3,nicolas toon,2025-05-06,15:48:18,-07:00,2025-05-06T15:48:18-07:00,0,0
meta/main.js,45,js,98fdb1b3,nicolas toon,2025-05-06,15:48:18,-07:00,2025-05-06T15:48:18-07:00,0,10
meta/main.js,46,js,98fdb1b3,nicolas toon,2025-05-06,15:48:18,-07:00,2025-05-06T15:48:18-07:00,0,2
meta/main.js,47,js,98fdb1b3,nicolas toon,2025-05-06,15:48:18,-07:00,2025-05-06T15:48:18-07:00,0,0
meta/main.js,48,js,98fdb1b3,nicolas toon,2025-05-06,15:48:18,-07:00,2025-05-06T15:48:18-07:00,0,0
meta/main.js,49,js,98fdb1b3,nicolas toon,2025-05-06,15:48:18,-07:00,2025-05-06T15:48:18-07:00,0,27
meta/main.js,50,js,98fdb1b3,nicolas toon,2025-05-06,15:48:18,-07:00,2025-05-06T15:48:18-07:00,0,34
meta/main.js,51,js,98fdb1b3,nicolas toon,2025-05-06,15:48:18,-07:00,2025-05-06T15:48:18-07:00,0,20
meta/index.html,1,html,0caefe73,nicolas toon,2025-05-06,14:44:56,-07:00,2025-05-06T14:44:56-07:00,0,14
meta/index.html,2,html,0caefe73,nicolas toon,2025-05-06,14:44:56,-07:00,2025-05-06T14:44:56-07:00,0,15
meta/index.html,3,html,0caefe73,nicolas toon,2025-05-06,14:44:56,-07:00,2025-05-06T14:44:56-07:00,0,5
meta/index.html,4,html,0caefe73,nicolas toon,2025-05-06,14:44:56,-07:00,2025-05-06T14:44:56-07:00,0,21
meta/index.html,5,html,0caefe73,nicolas toon,2025-05-06,14:44:56,-07:00,2025-05-06T14:44:56-07:00,0,69
meta/index.html,6,html,0caefe73,nicolas toon,2025-05-06,14:44:56,-07:00,2025-05-06T14:44:56-07:00,0,30
meta/index.html,7,html,0caefe73,nicolas toon,2025-05-06,14:44:56,-07:00,2025-05-06T14:44:56-07:00,0,42
meta/index.html,8,html,0caefe73,nicolas toon,2025-05-06,14:44:56,-07:00,2025-05-06T14:44:56-07:00,0,49
meta/index.html,9,html,98fdb1b3,nicolas toon,2025-05-06,15:48:18,-07:00,2025-05-06T15:48:18-07:00,0,44
meta/index.html,10,html,0caefe73,nicolas toon,2025-05-06,14:44:56,-07:00,2025-05-06T14:44:56-07:00,0,6
meta/index.html,11,html,0caefe73,nicolas toon,2025-05-06,14:44:56,-07:00,2025-05-06T14:44:56-07:00,0,5
meta/index.html,12,html,791f6a10,nicolas toon,2025-05-06,14:54:15,-07:00,2025-05-06T14:54:15-07:00,0,24
meta/index.html,13,html,791f6a10,nicolas toon,2025-05-06,14:54:15,-07:00,2025-05-06T14:54:15-07:00,0,62
meta/index.html,14,html,98fdb1b3,nicolas toon,2025-05-06,15:48:18,-07:00,2025-05-06T15:48:18-07:00,0,0
meta/index.html,15,html,98fdb1b3,nicolas toon,2025-05-06,15:48:18,-07:00,2025-05-06T15:48:18-07:00,0,21
meta/index.html,16,html,0caefe73,nicolas toon,2025-05-06,14:44:56,-07:00,2025-05-06T14:44:56-07:00,0,6
meta/index.html,17,html,0caefe73,nicolas toon,2025-05-06,14:44:56,-07:00,2025-05-06T14:44:56-07:00,0,6
contact/index.html,1,html,3350b32d,nicolas toon,2025-04-03,15:59:40,-07:00,2025-04-03T15:59:40-07:00,0,14
contact/index.html,2,html,3350b32d,nicolas toon,2025-04-03,15:59:40,-07:00,2025-04-03T15:59:40-07:00,0,15
contact/index.html,3,html,3350b32d,nicolas toon,2025-04-03,15:59:40,-07:00,2025-04-03T15:59:40-07:00,0,5
contact/index.html,4,html,3350b32d,nicolas toon,2025-04-03,15:59:40,-07:00,2025-04-03T15:59:40-07:00,0,21
contact/index.html,5,html,3350b32d,nicolas toon,2025-04-03,15:59:40,-07:00,2025-04-03T15:59:40-07:00,0,69
contact/index.html,6,html,9138c6e8,nicolas toon,2025-04-03,23:57:36,-07:00,2025-04-03T23:57:36-07:00,0,26
contact/index.html,7,html,3350b32d,nicolas toon,2025-04-03,15:59:40,-07:00,2025-04-03T15:59:40-07:00,0,42
contact/index.html,8,html,9915ff47,nicolas toon,2025-04-25,00:00:02,-07:00,2025-04-25T00:00:02-07:00,0,49
contact/index.html,9,html,3350b32d,nicolas toon,2025-04-03,15:59:40,-07:00,2025-04-03T15:59:40-07:00,0,6
contact/index.html,10,html,3350b32d,nicolas toon,2025-04-03,15:59:40,-07:00,2025-04-03T15:59:40-07:00,0,5
contact/index.html,11,html,700424ab,nicolas toon,2025-04-16,19:28:59,-07:00,2025-04-16T19:28:59-07:00,0,19
contact/index.html,12,html,9138c6e8,nicolas toon,2025-04-03,23:57:36,-07:00,2025-04-03T23:57:36-07:00,0,81
contact/index.html,13,html,700424ab,nicolas toon,2025-04-16,19:28:59,-07:00,2025-04-16T19:28:59-07:00,0,56
contact/index.html,14,html,9a190a3a,nicolas toon,2025-04-09,21:34:20,-07:00,2025-04-09T21:34:20-07:00,0,47
contact/index.html,15,html,9a190a3a,nicolas toon,2025-04-09,21:34:20,-07:00,2025-04-09T21:34:20-07:00,0,58
contact/index.html,16,html,9a190a3a,nicolas toon,2025-04-09,21:34:20,-07:00,2025-04-09T21:34:20-07:00,0,20
contact/index.html,17,html,3350b32d,nicolas toon,2025-04-03,15:59:40,-07:00,2025-04-03T15:59:40-07:00,0,6
contact/index.html,18,html,3350b32d,nicolas toon,2025-04-03,15:59:40,-07:00,2025-04-03T15:59:40-07:00,0,6
contact/index.html,19,html,3350b32d,nicolas toon,2025-04-03,15:59:40,-07:00,2025-04-03T15:59:40-07:00,0,6
alt-projects/index.html,1,html,0510e1b3,nicolas toon,2025-04-24,23:16:07,-07:00,2025-04-24T23:16:07-07:00,0,14
alt-projects/index.html,2,html,0510e1b3,nicolas toon,2025-04-24,23:16:07,-07:00,2025-04-24T23:16:07-07:00,0,15
alt-projects/index.html,3,html,0510e1b3,nicolas toon,2025-04-24,23:16:07,-07:00,2025-04-24T23:16:07-07:00,0,5
alt-projects/index.html,4,html,0510e1b3,nicolas toon,2025-04-24,23:16:07,-07:00,2025-04-24T23:16:07-07:00,0,21
alt-projects/index.html,5,html,0510e1b3,nicolas toon,2025-04-24,23:16:07,-07:00,2025-04-24T23:16:07-07:00,0,69
alt-projects/index.html,6,html,0510e1b3,nicolas toon,2025-04-24,23:16:07,-07:00,2025-04-24T23:16:07-07:00,0,22
alt-projects/index.html,7,html,0510e1b3,nicolas toon,2025-04-24,23:16:07,-07:00,2025-04-24T23:16:07-07:00,0,42
alt-projects/index.html,8,html,9915ff47,nicolas toon,2025-04-25,00:00:02,-07:00,2025-04-25T00:00:02-07:00,0,49
alt-projects/index.html,9,html,0510e1b3,nicolas toon,2025-04-24,23:16:07,-07:00,2025-04-24T23:16:07-07:00,0,6
alt-projects/index.html,10,html,0510e1b3,nicolas toon,2025-04-24,23:16:07,-07:00,2025-04-24T23:16:07-07:00,0,5
alt-projects/index.html,11,html,0510e1b3,nicolas toon,2025-04-24,23:16:07,-07:00,2025-04-24T23:16:07-07:00,0,17
alt-projects/index.html,12,html,0510e1b3,nicolas toon,2025-04-24,23:16:07,-07:00,2025-04-24T23:16:07-07:00,0,0
alt-projects/index.html,13,html,0510e1b3,nicolas toon,2025-04-24,23:16:07,-07:00,2025-04-24T23:16:07-07:00,0,37
alt-projects/index.html,14,html,0510e1b3,nicolas toon,2025-04-24,23:16:07,-07:00,2025-04-24T23:16:07-07:00,0,0
alt-projects/index.html,15,html,0510e1b3,nicolas toon,2025-04-24,23:16:07,-07:00,2025-04-24T23:16:07-07:00,0,21
alt-projects/index.html,16,html,0510e1b3,nicolas toon,2025-04-24,23:16:07,-07:00,2025-04-24T23:16:07-07:00,0,8
alt-projects/index.html,17,html,0510e1b3,nicolas toon,2025-04-24,23:16:07,-07:00,2025-04-24T23:16:07-07:00,0,102
alt-projects/index.html,18,html,0510e1b3,nicolas toon,2025-04-24,23:16:07,-07:00,2025-04-24T23:16:07-07:00,0,4
alt-projects/index.html,19,html,0510e1b3,nicolas toon,2025-04-24,23:16:07,-07:00,2025-04-24T23:16:07-07:00,0,54
alt-projects/index.html,20,html,0510e1b3,nicolas toon,2025-04-24,23:16:07,-07:00,2025-04-24T23:16:07-07:00,0,87
alt-projects/index.html,21,html,0510e1b3,nicolas toon,2025-04-24,23:16:07,-07:00,2025-04-24T23:16:07-07:00,0,150
alt-projects/index.html,22,html,0510e1b3,nicolas toon,2025-04-24,23:16:07,-07:00,2025-04-24T23:16:07-07:00,0,5
alt-projects/index.html,23,html,0510e1b3,nicolas toon,2025-04-24,23:16:07,-07:00,2025-04-24T23:16:07-07:00,0,9
alt-projects/index.html,24,html,0510e1b3,nicolas toon,2025-04-24,23:16:07,-07:00,2025-04-24T23:16:07-07:00,0,0
alt-projects/index.html,25,html,0510e1b3,nicolas toon,2025-04-24,23:16:07,-07:00,2025-04-24T23:16:07-07:00,0,62
alt-projects/index.html,26,html,0510e1b3,nicolas toon,2025-04-24,23:16:07,-07:00,2025-04-24T23:16:07-07:00,0,8
alt-projects/index.html,27,html,0510e1b3,nicolas toon,2025-04-24,23:16:07,-07:00,2025-04-24T23:16:07-07:00,0,67
alt-projects/index.html,28,html,0510e1b3,nicolas toon,2025-04-24,23:16:07,-07:00,2025-04-24T23:16:07-07:00,0,4
alt-projects/index.html,29,html,0510e1b3,nicolas toon,2025-04-24,23:16:07,-07:00,2025-04-24T23:16:07-07:00,0,53
alt-projects/index.html,30,html,0510e1b3,nicolas toon,2025-04-24,23:16:07,-07:00,2025-04-24T23:16:07-07:00,0,77
alt-projects/index.html,31,html,0510e1b3,nicolas toon,2025-04-24,23:16:07,-07:00,2025-04-24T23:16:07-07:00,0,209
alt-projects/index.html,32,html,0510e1b3,nicolas toon,2025-04-24,23:16:07,-07:00,2025-04-24T23:16:07-07:00,0,5
alt-projects/index.html,33,html,0510e1b3,nicolas toon,2025-04-24,23:16:07,-07:00,2025-04-24T23:16:07-07:00,0,9
alt-projects/index.html,34,html,0510e1b3,nicolas toon,2025-04-24,23:16:07,-07:00,2025-04-24T23:16:07-07:00,0,3
alt-projects/index.html,35,html,0510e1b3,nicolas toon,2025-04-24,23:16:07,-07:00,2025-04-24T23:16:07-07:00,0,0
alt-projects/index.html,36,html,0510e1b3,nicolas toon,2025-04-24,23:16:07,-07:00,2025-04-24T23:16:07-07:00,0,80
alt-projects/index.html,37,html,0510e1b3,nicolas toon,2025-04-24,23:16:07,-07:00,2025-04-24T23:16:07-07:00,0,8
alt-projects/index.html,38,html,0510e1b3,nicolas toon,2025-04-24,23:16:07,-07:00,2025-04-24T23:16:07-07:00,0,68
alt-projects/index.html,39,html,0510e1b3,nicolas toon,2025-04-24,23:16:07,-07:00,2025-04-24T23:16:07-07:00,0,4
alt-projects/index.html,40,html,0510e1b3,nicolas toon,2025-04-24,23:16:07,-07:00,2025-04-24T23:16:07-07:00,0,79
alt-projects/index.html,41,html,0510e1b3,nicolas toon,2025-04-24,23:16:07,-07:00,2025-04-24T23:16:07-07:00,0,120
alt-projects/index.html,42,html,0510e1b3,nicolas toon,2025-04-24,23:16:07,-07:00,2025-04-24T23:16:07-07:00,0,172
alt-projects/index.html,43,html,0510e1b3,nicolas toon,2025-04-24,23:16:07,-07:00,2025-04-24T23:16:07-07:00,0,5
alt-projects/index.html,44,html,0510e1b3,nicolas toon,2025-04-24,23:16:07,-07:00,2025-04-24T23:16:07-07:00,0,9
alt-projects/index.html,45,html,0510e1b3,nicolas toon,2025-04-24,23:16:07,-07:00,2025-04-24T23:16:07-07:00,0,3
alt-projects/index.html,46,html,0510e1b3,nicolas toon,2025-04-24,23:16:07,-07:00,2025-04-24T23:16:07-07:00,0,5
alt-projects/index.html,47,html,0510e1b3,nicolas toon,2025-04-24,23:16:07,-07:00,2025-04-24T23:16:07-07:00,0,0
alt-projects/index.html,48,html,0510e1b3,nicolas toon,2025-04-24,23:16:07,-07:00,2025-04-24T23:16:07-07:00,0,6
alt-projects/index.html,49,html,0510e1b3,nicolas toon,2025-04-24,23:16:07,-07:00,2025-04-24T23:16:07-07:00,0,6
alt-projects/index.html,50,html,0510e1b3,nicolas toon,2025-04-24,23:16:07,-07:00,2025-04-24T23:16:07-07:00,0,0
alt-projects/index.html,51,html,0510e1b3,nicolas toon,2025-04-24,23:16:07,-07:00,2025-04-24T23:16:07-07:00,0,22
alt-projects/index.html,52,html,0510e1b3,nicolas toon,2025-04-24,23:16:07,-07:00,2025-04-24T23:16:07-07:00,0,10
alt-projects/index.html,53,html,0510e1b3,nicolas toon,2025-04-24,23:16:07,-07:00,2025-04-24T23:16:07-07:00,0,13
alt-projects/index.html,54,html,0510e1b3,nicolas toon,2025-04-24,23:16:07,-07:00,2025-04-24T23:16:07-07:00,0,70
alt-projects/index.html,55,html,0510e1b3,nicolas toon,2025-04-24,23:16:07,-07:00,2025-04-24T23:16:07-07:00,0,12
alt-projects/index.html,56,html,0510e1b3,nicolas toon,2025-04-24,23:16:07,-07:00,2025-04-24T23:16:07-07:00,0,34
alt-projects/index.html,57,html,0510e1b3,nicolas toon,2025-04-24,23:16:07,-07:00,2025-04-24T23:16:07-07:00,0,19
alt-projects/index.html,58,html,0510e1b3,nicolas toon,2025-04-24,23:16:07,-07:00,2025-04-24T23:16:07-07:00,0,0
alt-projects/index.html,59,html,0510e1b3,nicolas toon,2025-04-24,23:16:07,-07:00,2025-04-24T23:16:07-07:00,0,0
alt-projects/index.html,60,html,0510e1b3,nicolas toon,2025-04-24,23:16:07,-07:00,2025-04-24T23:16:07-07:00,0,18
alt-projects/index.html,61,html,0510e1b3,nicolas toon,2025-04-24,23:16:07,-07:00,2025-04-24T23:16:07-07:00,0,13
alt-projects/index.html,62,html,0510e1b3,nicolas toon,2025-04-24,23:16:07,-07:00,2025-04-24T23:16:07-07:00,0,31
alt-projects/index.html,63,html,0510e1b3,nicolas toon,2025-04-24,23:16:07,-07:00,2025-04-24T23:16:07-07:00,0,8
alt-projects/index.html,64,html,0510e1b3,nicolas toon,2025-04-24,23:16:07,-07:00,2025-04-24T23:16:07-07:00,0,14
alt-projects/index.html,65,html,0510e1b3,nicolas toon,2025-04-24,23:16:07,-07:00,2025-04-24T23:16:07-07:00,0,13
alt-projects/index.html,66,html,0510e1b3,nicolas toon,2025-04-24,23:16:07,-07:00,2025-04-24T23:16:07-07:00,0,70
alt-projects/index.html,67,html,0510e1b3,nicolas toon,2025-04-24,23:16:07,-07:00,2025-04-24T23:16:07-07:00,0,34
alt-projects/index.html,68,html,0510e1b3,nicolas toon,2025-04-24,23:16:07,-07:00,2025-04-24T23:16:07-07:00,0,19
alt-projects/index.html,69,html,0510e1b3,nicolas toon,2025-04-24,23:16:07,-07:00,2025-04-24T23:16:07-07:00,0,0
alt-projects/index.html,70,html,0510e1b3,nicolas toon,2025-04-24,23:16:07,-07:00,2025-04-24T23:16:07-07:00,0,0
alt-projects/index.html,71,html,0510e1b3,nicolas toon,2025-04-24,23:16:07,-07:00,2025-04-24T23:16:07-07:00,0,22
alt-projects/index.html,72,html,0510e1b3,nicolas toon,2025-04-24,23:16:07,-07:00,2025-04-24T23:16:07-07:00,0,19
alt-projects/index.html,73,html,0510e1b3,nicolas toon,2025-04-24,23:16:07,-07:00,2025-04-24T23:16:07-07:00,0,0
alt-projects/index.html,74,html,0510e1b3,nicolas toon,2025-04-24,23:16:07,-07:00,2025-04-24T23:16:07-07:00,0,0
alt-projects/index.html,75,html,0510e1b3,nicolas toon,2025-04-24,23:16:07,-07:00,2025-04-24T23:16:07-07:00,0,21
alt-projects/index.html,76,html,0510e1b3,nicolas toon,2025-04-24,23:16:07,-07:00,2025-04-24T23:16:07-07:00,0,17
alt-projects/index.html,77,html,0510e1b3,nicolas toon,2025-04-24,23:16:07,-07:00,2025-04-24T23:16:07-07:00,0,20
alt-projects/index.html,78,html,0510e1b3,nicolas toon,2025-04-24,23:16:07,-07:00,2025-04-24T23:16:07-07:00,0,15
alt-projects/index.html,79,html,0510e1b3,nicolas toon,2025-04-24,23:16:07,-07:00,2025-04-24T23:16:07-07:00,0,14
alt-projects/index.html,80,html,0510e1b3,nicolas toon,2025-04-24,23:16:07,-07:00,2025-04-24T23:16:07-07:00,0,0
alt-projects/index.html,81,html,0510e1b3,nicolas toon,2025-04-24,23:16:07,-07:00,2025-04-24T23:16:07-07:00,0,0
alt-projects/index.html,82,html,0510e1b3,nicolas toon,2025-04-24,23:16:07,-07:00,2025-04-24T23:16:07-07:00,0,20
alt-projects/index.html,83,html,0510e1b3,nicolas toon,2025-04-24,23:16:07,-07:00,2025-04-24T23:16:07-07:00,0,17
alt-projects/index.html,84,html,0510e1b3,nicolas toon,2025-04-24,23:16:07,-07:00,2025-04-24T23:16:07-07:00,0,20
alt-projects/index.html,85,html,0510e1b3,nicolas toon,2025-04-24,23:16:07,-07:00,2025-04-24T23:16:07-07:00,0,0
alt-projects/index.html,86,html,0510e1b3,nicolas toon,2025-04-24,23:16:07,-07:00,2025-04-24T23:16:07-07:00,0,2
